status,income,baby,wines,fruits,meat,fish,sweet
Single,58138,No,635,88,546,172,88
Single,46344,Yes,11,1,6,2,1
Together,71613,No,426,49,127,111,21
Together,26646,No,11,4,20,10,3
Together,58293,No,173,43,118,46,27
Together,62513,Yes,520,42,98,0,42
Single,55635,Yes,235,65,164,50,49
Together,33454,No,76,10,56,3,1
Together,30351,No,14,0,24,3,3
Together,5648,Yes,28,0,6,1,1
Together,0,No,5,5,6,0,2
Together,7500,No,6,16,11,11,1
Single,63033,No,194,61,480,225,112
Single,59354,Yes,233,2,53,3,5
Together,17323,No,3,14,17,6,1
Single,82800,No,1006,22,115,59,68
Together,41850,Yes,53,5,19,2,13
Together,37760,No,84,5,38,150,12
Together,76995,Yes,1012,80,498,0,16
Single,33812,No,4,17,19,30,24
Together,37040,No,86,2,73,69,38
Together,2447,No,1,1,1725,1,1
Together,58607,Yes,867,0,86,0,0
Together,65324,Yes,384,0,102,21,32
Together,40689,Yes,270,3,27,39,6
Single,18589,No,6,4,25,15,12
Together,53359,Yes,173,4,30,3,6
Single,0,No,5,1,3,3,263
Together,38360,No,36,2,42,20,21
Together,84618,No,684,100,801,21,66
Single,10979,No,8,4,10,2,2
Together,38620,No,112,17,44,34,22
Together,40548,Yes,110,0,5,2,0
Single,46610,Yes,96,12,96,33,22
Together,68657,No,482,34,471,119,68
Single,49389,Yes,40,0,19,2,1
Together,67353,Yes,702,17,151,0,8
Together,23718,No,6,3,14,15,7
Single,42429,Yes,55,0,6,2,0
Single,48948,No,437,8,206,160,49
Together,80011,Yes,421,76,536,82,178
Together,20559,No,13,1,29,3,0
Together,21994,Yes,9,0,6,3,1
Single,0,No,81,11,50,3,2
Together,7500,No,3,1,10,3,2
Single,79941,No,123,164,266,227,30
Together,7500,No,3,18,14,15,22
Together,41728,No,13,6,15,3,5
Single,0,Yes,48,5,48,6,10
Together,72550,Yes,826,50,317,50,38
Single,65486,Yes,245,19,125,37,67
Together,79143,No,650,37,780,27,167
Single,35790,No,12,6,20,30,1
Single,82582,No,510,120,550,156,40
Together,66373,Yes,328,9,124,12,24
Together,82384,No,984,51,432,180,120
Single,70287,No,295,35,482,121,120
Single,27938,No,13,0,8,2,1
Single,0,No,11,3,22,2,2
Together,55954,Yes,447,0,28,0,0
Single,75777,No,712,26,538,69,13
Together,66653,Yes,452,18,102,16,18
Single,61823,Yes,523,7,134,37,14
Single,67680,Yes,546,0,48,0,6
Together,70666,No,398,40,367,119,122
Together,25721,No,1,3,6,3,6
Together,32474,Yes,10,0,1,0,0
Single,88194,Yes,688,14,309,201,24
Together,69096,Yes,247,49,159,7,82
Together,74854,Yes,856,59,487,58,29
Together,66991,No,496,36,460,189,60
Together,0,No,25,3,43,17,4
Together,65031,Yes,258,107,291,84,37
Together,60631,Yes,565,6,65,0,6
Together,28332,No,14,10,13,4,15
Single,40246,No,2,1,6,2,1
Together,75251,No,721,111,925,97,18
Single,75825,No,1032,105,779,137,105
Together,26326,No,1,0,5,0,3
Together,56046,No,577,0,64,0,0
Single,29760,No,64,4,68,7,5
Together,26304,No,4,1,5,2,0
Together,23559,No,25,5,19,7,0
Together,38620,No,112,17,44,34,22
Single,81361,No,163,23,424,27,65
Together,29440,Yes,17,8,14,10,4
Together,36138,Yes,130,0,16,0,0
Single,50388,Yes,292,6,37,0,3
Together,79593,No,350,60,568,110,133
Together,54178,Yes,135,9,39,4,0
Together,0,Yes,230,42,192,49,37
Single,0,Yes,7,0,8,2,0
Together,0,No,445,37,359,98,28
Single,42394,No,15,2,10,0,1
Together,23626,No,27,2,14,0,0
Together,30096,No,5,3,11,12,5
Single,47916,Yes,505,0,26,0,0
Single,51813,Yes,51,2,7,0,1
Together,78497,No,207,26,447,75,0
Together,50150,No,135,46,92,65,61
Single,47823,Yes,53,1,5,2,1
Single,34554,Yes,41,1,6,2,0
Together,85693,Yes,386,172,183,185,132
Together,65846,No,562,81,276,80,40
Together,87195,No,217,76,690,50,26
Together,24594,No,1,3,6,10,0
Together,49096,Yes,144,1,32,2,1
Together,52413,Yes,295,106,271,75,98
Single,38557,No,76,3,31,4,4
Together,89058,No,454,194,106,31,22
Together,77298,Yes,425,115,292,23,35
Single,68126,No,1332,17,311,23,51
Together,57288,Yes,527,0,21,0,0
Single,86037,No,490,44,125,29,20
Together,43974,No,378,0,101,0,0
Single,50785,Yes,64,1,21,0,1
Together,90765,No,547,99,812,151,82
Together,36550,No,47,90,94,123,103
Together,30753,Yes,12,5,25,0,9
Together,21918,No,1,6,7,11,5
Together,56129,Yes,320,48,133,39,72
Single,32557,No,34,3,29,0,4
Together,19510,No,9,0,7,3,4
Single,30992,No,17,0,14,7,3
Single,101970,No,722,27,102,44,72
Together,71488,No,162,33,124,40,28
Single,79607,No,450,133,951,173,0
Together,54348,Yes,70,0,16,0,0
Together,0,Yes,352,0,27,10,0
Together,77376,Yes,492,19,110,16,12
Together,62998,Yes,120,58,73,65,89
Single,61331,Yes,534,5,47,0,5
Together,73448,No,236,106,189,23,41
Together,0,Yes,231,65,196,38,71
Together,41551,Yes,220,0,33,3,0
Together,62981,No,796,14,590,38,44
Single,9548,No,0,1,3,10,6
Together,33762,Yes,53,1,34,2,0
Single,35860,Yes,15,0,8,4,2
Single,36921,Yes,17,1,12,3,1
Single,92859,No,962,61,921,52,61
Together,65104,Yes,738,0,232,13,20
Together,86111,No,399,28,756,36,40
Single,68352,Yes,614,16,132,43,33
Together,41883,No,32,34,41,73,16
Together,59809,Yes,598,16,141,32,41
Together,23957,No,2,1,18,20,11
Together,38547,No,6,1,10,0,1
Together,35688,Yes,73,3,90,12,1
Together,49605,No,42,16,29,12,20
Together,59354,Yes,295,21,78,39,13
Together,65747,Yes,346,17,48,23,13
Together,46344,Yes,233,20,57,8,20
Single,34176,No,5,7,24,19,14
Together,61010,Yes,888,0,57,0,0
Together,69372,No,997,26,269,34,13
Single,49967,Yes,212,6,69,4,12
Single,60199,Yes,8,1,7,2,0
Together,55375,Yes,42,11,57,10,28
Single,80317,No,536,11,387,149,91
Single,30523,Yes,5,0,3,0,0
Together,70356,No,1349,16,249,43,16
Together,23228,No,53,3,49,7,4
Single,74165,No,1001,12,240,16,12
Together,157243,Yes,20,2,1582,1,2
Together,43482,Yes,18,1,32,6,3
Single,62551,No,125,16,98,134,21
Single,52332,No,212,5,33,7,0
Single,66951,No,277,162,305,173,76
Together,26091,Yes,15,10,19,8,17
Together,33456,Yes,7,3,10,8,1
Together,28718,No,12,4,6,11,8
Together,50447,No,85,7,24,2,3
Together,53537,Yes,81,0,6,0,0
Single,52074,Yes,59,0,12,0,0
Together,80427,Yes,1149,71,449,69,71
Together,83837,No,847,66,119,86,89
Together,38853,Yes,29,0,14,0,0
Together,38285,Yes,2,0,5,2,0
Together,78497,No,207,26,447,75,0
Together,51650,Yes,152,3,22,2,5
Together,16248,No,12,11,10,3,12
Together,66835,No,620,26,195,34,17
Together,30477,No,47,1,6,0,0
Together,28249,No,1,9,7,2,14
Together,25271,No,10,1,18,10,4
Single,32303,Yes,35,0,2,0,0
Together,61286,Yes,356,0,107,19,9
Together,74068,No,783,30,537,140,76
Together,45759,Yes,42,1,18,3,0
Together,24882,No,1,4,10,29,0
Together,66973,No,466,22,432,147,113
Single,36640,No,15,6,8,7,4
Together,38872,No,23,3,21,3,19
Together,51148,Yes,235,6,45,8,9
Together,31353,Yes,10,0,10,3,1
Together,69661,No,656,16,106,32,16
Together,80067,No,519,17,813,27,173
Together,86718,No,344,189,482,50,33
Single,46854,Yes,96,1,79,7,1
Single,69142,Yes,448,4,34,6,4
Single,75922,No,265,138,553,224,23
Single,63693,Yes,587,43,337,42,87
Together,102160,No,763,29,138,76,176
Single,40637,Yes,22,0,13,0,0
Single,18890,No,6,4,1,7,2
Together,29604,No,7,6,13,7,6
Single,48721,Yes,81,18,113,47,13
Together,44794,Yes,54,0,7,0,0
Single,64497,Yes,1170,48,320,42,32
Together,46097,Yes,72,24,68,65,4
Together,77972,No,613,22,319,33,102
Together,44377,Yes,224,0,30,0,0
Together,46014,Yes,410,0,59,19,9
Together,70951,No,239,10,554,254,87
Together,41443,No,171,7,171,25,19
Single,52195,Yes,12,0,4,0,0
Together,83790,No,1076,16,417,42,48
Single,44551,Yes,182,4,33,0,0
Together,69508,No,824,32,162,42,32
Together,45204,No,30,11,25,29,1
Together,72460,No,377,10,540,80,30
Together,77622,Yes,520,7,154,19,0
Together,30732,No,155,1,25,0,1
Single,63887,Yes,897,23,207,15,11
Together,42011,No,131,0,16,2,1
Together,51369,Yes,297,7,79,0,11
Single,51537,Yes,787,20,204,0,0
Together,79930,No,792,86,740,67,51
Together,34320,No,4,1,9,3,0
Single,37070,Yes,231,7,137,4,15
Single,81975,Yes,983,76,184,180,138
Together,38590,No,3,1,8,4,3
Single,15033,No,0,4,5,6,0
Together,62745,Yes,562,21,464,28,10
Together,22212,No,5,9,20,6,8
Together,23661,No,18,0,4,0,0
Single,79761,Yes,415,5,124,15,35
Single,7500,No,5,3,10,12,7
Single,60182,Yes,8,0,5,7,0
Single,73455,No,901,61,757,186,163
Together,64961,Yes,382,114,276,75,124
Single,22804,No,14,1,7,2,1
Together,73687,No,559,153,503,218,13
Together,61074,Yes,789,0,133,0,28
Together,31686,Yes,11,0,5,0,0
Together,80134,No,1218,16,272,104,0
Together,75027,Yes,925,64,179,133,12
Together,67546,No,864,134,768,150,38
Together,65176,Yes,960,28,183,220,70
Single,31160,No,16,3,25,6,1
Single,29938,No,3,3,7,0,2
Single,102692,No,168,148,444,32,172
Together,26490,No,45,47,52,21,20
Together,75702,Yes,650,28,353,45,42
Single,30899,No,24,0,8,0,0
Together,63342,Yes,918,21,118,13,10
Single,45989,Yes,138,33,87,28,24
Single,18701,Yes,12,4,2,10,6
Single,40737,Yes,11,0,4,0,0
Single,15287,No,1,2,8,4,3
Single,69674,Yes,554,41,215,11,0
Together,44159,No,167,2,62,24,13
Together,37717,No,9,0,6,4,1
Together,43776,Yes,177,2,71,3,2
Together,38179,Yes,38,4,22,4,2
Together,80124,No,483,84,398,205,84
Together,38097,Yes,77,2,35,0,1
Together,72940,No,182,74,298,162,149
Together,22070,No,10,7,19,8,2
Single,69267,No,778,44,499,95,73
Single,31788,No,16,7,23,0,8
Together,61905,Yes,167,0,43,6,2
Together,29315,Yes,13,2,14,8,7
Single,33378,Yes,33,6,40,3,7
Together,66313,Yes,625,7,99,10,22
Single,60714,No,216,162,224,101,92
Together,77882,No,68,129,396,188,22
Single,69867,No,196,0,512,33,130
Single,63841,Yes,635,15,100,20,7
Together,24480,No,4,19,9,28,25
Together,51369,Yes,297,7,79,0,11
Together,37760,No,84,5,38,150,12
Together,65640,Yes,204,7,149,20,15
Together,44319,Yes,26,0,8,0,0
Together,30631,No,15,6,20,4,5
Together,75278,No,304,98,230,150,74
Together,50898,Yes,285,28,242,55,114
Single,79946,No,395,183,565,166,141
Single,35416,No,248,3,81,4,3
Together,32414,No,20,6,5,0,9
Together,38361,No,39,0,56,20,8
Together,82497,No,777,129,573,216,21
Together,16626,No,8,3,22,21,1
Together,29672,Yes,9,1,3,0,4
Together,55951,Yes,1241,0,80,0,13
Single,35388,No,6,4,7,4,3
Together,42386,No,65,4,16,0,4
Single,68627,No,395,15,263,60,54
Single,57912,Yes,801,0,80,0,0
Single,35246,Yes,36,0,12,2,2
Together,58821,Yes,513,14,154,19,0
Together,46377,No,37,0,46,4,3
Single,39747,No,80,15,93,20,13
Together,23976,No,14,1,21,2,3
Together,80950,No,525,147,112,219,147
Single,27038,No,1,26,25,17,23
Single,77457,No,675,11,400,15,45
Together,64100,Yes,509,0,27,0,0
Together,42670,No,154,2,46,20,4
Single,12571,No,3,5,14,2,12
Together,22574,Yes,25,0,8,2,0
Together,0,No,861,138,461,60,30
Single,70893,No,768,44,561,77,44
Together,54198,Yes,185,0,28,3,2
Together,28839,Yes,24,0,7,0,0
Together,40321,Yes,44,4,21,6,0
Single,66503,No,91,64,128,65,3
Together,30833,Yes,11,0,7,3,1
Single,0,Yes,738,20,172,52,50
Together,64795,Yes,412,5,119,38,29
Together,34421,No,3,3,7,6,2
Single,47025,Yes,16,0,3,0,0
Single,64325,Yes,731,60,353,78,12
Single,40464,Yes,424,17,118,7,23
Together,62187,No,792,0,275,45,45
Single,14849,No,21,2,28,3,2
Together,27255,No,22,1,11,0,1
Together,54432,Yes,33,0,5,0,0
Single,29999,No,68,7,59,10,5
Single,24072,No,9,1,6,3,0
Single,33996,No,40,2,15,8,0
Together,66334,Yes,909,11,218,0,0
Together,35178,No,23,1,13,2,2
Together,22010,No,11,2,9,3,0
Single,62204,Yes,317,46,247,151,46
Single,75693,No,797,153,293,72,97
Together,30675,No,10,2,16,11,2
Together,83003,No,856,61,570,40,25
Together,83532,No,755,144,562,104,64
Single,68655,No,456,19,832,75,118
Single,41411,No,37,32,38,11,3
Together,55212,Yes,1103,0,45,0,0
Together,59292,Yes,378,14,68,19,14
Together,27190,No,1,6,7,0,1
Single,82623,No,204,34,204,172,153
Together,44300,Yes,30,0,9,0,0
Single,84835,No,189,104,379,111,189
Single,30372,Yes,15,0,12,7,3
Together,33181,No,9,0,3,0,0
Together,71113,Yes,495,33,255,11,33
Together,71952,No,656,80,455,52,107
Single,69759,No,452,20,514,13,30
Together,72099,No,546,91,410,119,0
Single,60000,Yes,1048,0,217,0,0
Single,38643,Yes,22,2,14,0,1
Together,50737,Yes,78,0,11,0,0
Together,68462,No,561,64,785,84,128
Together,65073,No,629,17,177,69,0
Together,46681,Yes,269,15,69,15,19
Together,78618,No,736,163,818,212,163
Single,62187,Yes,512,0,83,0,0
Together,28442,No,19,3,10,11,8
Together,37717,No,9,0,6,4,1
Together,51479,Yes,247,8,160,6,8
Single,54803,Yes,404,0,92,28,27
Together,79530,No,333,0,815,129,42
Single,31615,No,2,3,20,6,11
Together,72025,No,833,33,549,151,133
Single,52614,Yes,789,0,142,12,9
Together,35684,No,10,4,7,0,6
Together,48178,Yes,159,4,45,6,2
Single,29548,No,7,1,6,3,1
Single,63810,Yes,977,12,253,16,12
Single,38578,Yes,38,4,22,3,3
Single,46098,Yes,57,0,27,0,0
Single,22585,No,3,9,15,13,2
Single,30279,No,10,4,14,4,4
Together,66426,Yes,1043,24,97,32,24
Single,30822,No,3,9,13,2,12
Together,33581,No,11,0,5,0,0
Together,19986,No,3,6,5,0,2
Single,27421,No,43,12,96,78,40
Together,35688,Yes,73,3,90,12,1
Single,36143,No,12,0,1,0,0
Single,10245,No,4,7,7,6,4
Together,43795,Yes,314,11,53,4,3
Together,63381,Yes,571,50,142,33,50
Together,38823,Yes,70,0,11,2,8
Single,83664,Yes,866,21,151,28,21
Together,90300,No,594,134,786,33,134
Together,62499,No,140,4,61,0,13
Single,74293,No,375,152,335,93,91
Together,51012,No,102,9,63,2,9
Together,70777,Yes,554,35,113,0,7
Together,68682,No,919,0,505,99,30
Together,43824,Yes,96,1,42,12,3
Together,15345,No,5,2,16,3,2
Single,23442,No,2,0,6,8,6
Together,14515,No,6,4,9,6,36
Single,31395,Yes,23,1,25,0,8
Together,75276,No,610,105,125,137,42
Single,42373,Yes,67,5,61,3,8
Together,30507,No,65,36,74,38,20
Single,55521,Yes,416,0,26,0,0
Together,48006,Yes,23,0,11,3,2
Single,27213,No,19,3,26,10,9
Single,65808,Yes,155,7,80,13,7
Together,30351,No,14,0,24,3,3
Together,50437,Yes,370,9,92,6,9
Single,23616,No,4,22,11,3,7
Together,53858,Yes,407,53,221,58,150
Together,66465,Yes,1200,0,204,38,29
Single,46923,No,85,44,54,102,78
Together,75072,Yes,583,34,309,0,22
Together,75865,No,483,0,591,156,0
Together,19789,No,2,5,9,28,6
Together,80134,No,966,26,282,52,26
Single,91065,No,822,114,108,179,137
Together,49505,Yes,604,0,100,19,0
Together,37401,No,19,3,19,3,1
Together,30096,No,5,3,11,12,5
Together,18492,No,2,2,2,2,1
Together,82584,No,1076,68,103,29,91
Together,93027,No,1285,42,716,55,0
Together,48686,Yes,10,0,7,2,0
Together,92910,No,551,137,792,179,103
Together,75433,No,800,0,297,0,34
Together,10404,No,2,2,11,10,6
Together,61314,Yes,378,0,189,97,172
Single,84865,No,1248,16,349,43,16
Together,42387,No,235,0,235,19,4
Together,67309,Yes,515,47,181,149,95
Together,75236,Yes,438,66,400,12,38
Single,30015,No,25,0,22,2,3
Together,50943,Yes,31,0,7,2,0
Single,67272,Yes,357,35,271,28,28
Single,51529,Yes,400,4,35,6,0
Together,32011,No,99,0,15,2,1
Together,7500,No,1,11,5,4,6
Together,28691,No,5,4,13,8,0
Together,56223,Yes,77,28,31,16,0
Together,18100,No,3,1,2,4,3
Single,30279,No,10,4,14,4,4
Together,20130,No,0,6,3,7,6
Single,23295,No,0,0,1,2,12
Single,42618,No,76,14,74,13,5
Single,81246,No,398,190,537,61,156
Together,24027,No,14,7,11,11,0
Together,55707,Yes,208,7,82,30,66
Single,57959,Yes,430,16,322,43,24
Together,56796,Yes,656,38,161,62,47
Single,36230,No,14,2,30,8,2
Together,70829,Yes,141,70,106,72,19
Together,65991,Yes,507,19,364,25,47
Together,38988,Yes,164,24,103,12,3
Single,89572,No,606,24,974,197,194
Together,42207,No,116,11,72,3,17
Together,50300,Yes,143,15,60,24,23
Together,66664,No,398,96,447,220,96
Together,60597,Yes,522,0,257,32,16
Single,70165,No,161,0,253,199,191
Single,50520,Yes,112,0,6,2,1
Together,80124,No,483,84,398,205,84
Together,33183,No,7,5,39,17,15
Single,66582,No,789,25,420,16,38
Together,75261,No,1239,17,413,23,34
Single,31880,No,4,1,5,2,0
Together,53790,Yes,335,42,127,28,5
Together,49269,No,639,8,166,11,8
Together,61456,Yes,563,76,384,84,192
Together,37406,No,2,0,8,2,2
Together,56937,No,746,8,125,11,8
Together,38415,Yes,22,1,13,4,0
Single,20518,No,4,1,6,4,1
Together,62503,Yes,478,0,193,110,75
Single,41644,Yes,20,3,4,2,0
Together,55842,Yes,451,0,39,0,4
Together,62010,Yes,371,22,39,6,0
Together,41124,No,281,7,84,15,0
Together,38961,No,19,7,19,0,1
Single,37760,No,26,3,13,2,10
Single,32233,No,138,15,35,25,11
Together,43057,Yes,213,2,44,0,2
Together,83151,No,407,28,100,120,74
Single,78825,No,483,74,114,169,37
Together,65104,Yes,738,0,232,13,20
Together,60093,Yes,502,12,109,16,6
Together,14045,No,11,0,5,2,1
Single,28457,No,24,1,108,29,29
Together,78952,Yes,1170,19,594,99,76
Single,46310,No,185,2,88,15,5
Together,76005,No,983,20,389,240,50
Single,58308,Yes,691,0,69,10,0
Single,55614,No,504,13,131,8,0
Single,59432,Yes,317,25,265,25,19
Single,55563,Yes,29,1,9,2,0
Together,78642,Yes,1396,0,322,46,35
Together,67911,Yes,529,0,356,63,28
Together,65275,No,388,14,218,91,14
Together,27203,Yes,13,2,21,4,0
Together,48330,Yes,28,0,4,0,0
Together,24279,No,16,36,21,20,62
Together,64355,No,1047,0,140,67,38
Together,50943,Yes,31,0,7,2,0
Single,53653,No,815,10,239,28,10
Together,65665,Yes,225,162,387,106,36
Single,81217,No,493,70,324,146,40
Together,34935,No,34,4,66,3,10
Single,61250,Yes,382,138,65,60,26
Together,39665,No,127,1,56,0,1
Single,60152,Yes,325,83,300,86,58
Together,48920,Yes,238,17,68,8,10
Together,89120,No,1168,92,408,72,129
Together,44124,Yes,284,0,55,0,6
Single,81169,No,1288,20,613,80,61
Together,36443,Yes,65,0,46,4,3
Single,26095,No,11,7,9,3,1
Together,71367,No,227,23,389,42,21
Together,80184,No,1035,134,670,25,38
Single,30630,Yes,27,1,12,2,0
Single,73454,No,982,73,351,56,14
Together,42691,No,179,2,64,38,17
Together,70503,No,1379,33,216,0,33
Together,25545,No,32,1,64,16,12
Together,32880,No,8,4,15,7,6
Together,77863,No,881,38,319,16,25
Together,50353,No,141,15,153,67,31
Single,61839,No,1000,155,379,224,17
Together,49154,Yes,206,10,67,30,27
Single,47682,Yes,162,61,83,97,57
Single,72679,Yes,619,54,260,127,54
Together,57954,Yes,456,4,24,0,0
Together,65316,Yes,112,6,92,3,9
Single,28567,No,11,3,22,2,2
Together,47352,Yes,172,12,112,8,0
Together,44931,Yes,78,0,11,0,0
Single,76982,No,464,151,292,65,60
Together,57247,Yes,99,4,32,37,54
Single,22944,No,19,3,19,4,5
Together,25315,No,1,9,8,11,3
Single,43638,Yes,63,10,83,7,19
Single,42710,No,252,3,42,4,3
Together,84169,No,1478,19,403,0,19
Together,54058,Yes,198,18,252,32,108
Together,24683,No,8,4,10,6,7
Single,85620,No,416,46,925,60,107
Together,47850,No,42,7,43,20,12
Together,19514,Yes,14,3,21,2,1
Together,27159,Yes,17,0,3,0,0
Single,39548,Yes,15,4,10,3,4
Single,21474,No,6,16,24,11,0
Single,60504,Yes,458,0,24,6,4
Together,22419,No,30,3,47,19,21
Together,81698,No,179,28,520,111,123
Together,43462,Yes,90,17,97,15,6
Single,54880,No,308,85,137,102,45
Together,79908,No,557,129,761,29,185
Together,15315,No,7,4,13,15,8
Together,87771,Yes,1492,38,287,50,57
Together,33039,No,30,8,12,8,8
Single,81741,No,249,153,940,58,134
Together,71499,Yes,465,25,132,136,0
Together,62466,Yes,129,129,259,168,121
Single,48799,Yes,174,18,81,28,6
Together,52157,Yes,189,2,29,3,2
Single,66565,Yes,747,10,161,65,40
Together,29298,Yes,6,0,2,2,0
Single,47691,Yes,14,0,3,0,0
Together,38200,Yes,12,0,4,0,0
Together,44989,Yes,98,0,106,49,10
Together,38443,Yes,32,0,5,0,0
Single,38593,No,51,12,49,17,24
Together,64413,Yes,200,5,44,0,10
Together,36959,No,25,6,25,6,0
Together,61996,Yes,1050,12,144,0,0
Together,51287,Yes,117,0,22,13,0
Together,13260,Yes,9,4,17,10,2
Together,47472,Yes,56,0,11,0,0
Together,54603,Yes,145,13,46,17,2
Together,45207,Yes,203,0,10,0,0
Together,40689,Yes,270,3,27,39,6
Together,47821,Yes,9,0,16,6,6
Together,27450,No,37,12,23,8,11
Together,39453,No,46,0,7,0,0
Together,26850,Yes,31,1,13,7,2
Single,79800,No,1060,21,530,32,0
Together,61794,Yes,264,47,188,54,47
Together,53863,Yes,399,4,30,6,4
Together,24221,No,8,9,9,2,5
Single,39684,No,19,0,35,6,4
Together,92163,No,817,183,797,106,163
Single,69882,No,292,127,635,132,127
Together,33178,No,12,6,2,11,2
Together,59973,No,130,30,168,20,34
Together,17459,No,6,4,16,3,10
Single,23910,No,16,12,18,7,1
Together,42169,Yes,19,0,9,0,0
Together,26224,No,4,7,15,13,9
Together,31089,No,31,3,31,2,8
Single,30081,Yes,36,0,2,0,0
Together,62807,Yes,526,28,135,10,21
Single,72906,No,400,32,519,71,75
Together,61467,Yes,410,16,114,0,5
Together,49618,Yes,80,3,26,4,2
Single,21888,No,88,10,46,2,3
Single,42429,Yes,55,0,6,2,0
Single,26150,Yes,5,1,13,3,5
Together,30801,Yes,8,4,5,15,2
Together,81168,No,410,0,592,147,22
Single,26877,No,101,13,76,20,18
Single,45006,No,162,25,53,16,0
Together,18978,No,2,8,1,4,7
Together,22574,Yes,25,0,8,2,0
Single,48240,No,389,91,248,64,49
Together,45837,Yes,215,13,87,17,17
Single,35791,Yes,27,0,5,0,0
Together,162397,Yes,85,1,16,2,1
Single,54162,Yes,5,6,10,6,5
Together,30522,Yes,179,8,83,19,11
Together,54456,Yes,352,0,27,10,0
Single,31632,No,17,8,12,11,15
Single,72298,No,625,35,169,58,17
Single,36975,No,10,6,11,0,4
Together,72635,No,390,22,323,104,35
Together,13624,No,10,2,15,2,1
Single,84196,Yes,215,63,507,231,31
Together,70971,Yes,1001,17,572,93,125
Single,34487,Yes,19,18,33,24,1
Single,28769,No,41,5,129,10,3
Together,69084,No,1181,107,199,39,30
Together,65488,No,603,45,207,36,18
Together,62466,Yes,129,129,259,168,121
Single,32218,No,10,24,15,13,1
Single,83917,No,514,22,732,42,198
Single,46102,Yes,14,0,1,0,0
Single,84574,No,387,20,713,38,54
Together,56181,Yes,121,103,69,8,44
Single,63120,Yes,965,69,279,54,41
Together,73691,Yes,707,21,250,85,43
Together,63381,Yes,571,50,142,33,50
Together,76140,No,586,66,653,17,0
Single,62859,Yes,1063,89,102,16,12
Single,45906,Yes,305,3,27,4,3
Together,77632,No,1200,105,758,0,42
Together,46463,Yes,163,2,40,8,11
Together,105471,No,1009,181,104,202,21
Single,55282,No,125,6,73,8,4
Together,78710,Yes,721,0,152,119,50
Together,66886,Yes,315,4,62,41,31
Single,98777,No,1000,19,711,125,115
Together,29103,No,16,0,17,6,3
Together,67445,Yes,757,80,217,29,80
Together,50616,Yes,30,2,25,0,1
Single,49431,Yes,219,3,100,26,0
Single,153924,No,1,1,1,1,1
Together,61278,Yes,111,3,28,2,6
Together,26490,No,45,47,52,21,20
Together,73059,Yes,410,112,420,0,82
Single,46734,Yes,100,1,39,6,1
Together,56253,Yes,509,0,65,7,11
Together,19986,No,3,6,5,0,2
Single,58330,Yes,445,53,213,104,98
Together,25965,No,2,2,11,41,7
Together,14661,No,4,1,11,6,2
Together,18690,No,6,1,7,23,4
Together,45068,Yes,14,0,3,0,0
Single,21063,No,1,10,11,19,3
Together,29187,No,26,0,6,0,0
Together,54690,Yes,111,16,37,7,9
Together,59304,Yes,418,61,428,80,51
Single,59247,Yes,327,9,122,19,14
Single,66731,Yes,371,159,194,58,106
Together,77353,Yes,275,59,107,69,101
Single,52614,Yes,789,0,142,12,9
Together,26751,No,1,1,5,0,3
Together,81300,Yes,1004,12,145,32,12
Single,70337,No,187,81,149,25,43
Together,36145,No,56,4,76,17,1
Single,65295,No,365,32,117,34,110
Single,68118,Yes,595,23,123,10,23
Single,68743,No,1132,134,384,175,134
Together,41039,No,34,11,137,179,61
Together,38946,Yes,116,6,82,6,6
Together,65777,No,565,32,435,28,32
Single,66476,Yes,372,18,126,47,48
Single,86857,No,899,102,838,133,102
Together,160803,No,55,16,1622,17,3
Together,77845,No,760,40,480,0,40
Together,69476,No,260,86,559,63,9
Single,50611,Yes,459,0,24,6,0
Single,61209,No,466,0,224,119,49
Together,42315,Yes,67,15,80,17,11
Together,13084,No,2,0,7,3,7
Single,47570,Yes,67,1,20,0,2
Together,61923,Yes,92,4,18,3,3
Single,34824,No,4,2,11,2,0
Single,26518,Yes,20,1,28,3,3
Single,45938,No,273,11,178,62,83
Together,78468,No,434,22,388,104,22
Single,78901,Yes,321,11,309,33,26
Together,71427,No,212,123,177,15,64
Single,71022,Yes,909,12,278,0,12
Single,90247,No,1184,32,352,21,16
Single,41335,No,112,19,21,16,14
Together,71952,No,656,80,455,52,107
Single,35682,No,23,0,8,6,2
Single,43185,Yes,537,6,42,16,6
Together,66375,Yes,712,0,45,0,0
Together,35178,No,23,1,13,2,2
Together,25252,No,1,3,4,2,2
Single,55250,Yes,664,58,83,32,0
Single,33249,No,6,10,21,19,14
Together,58398,No,299,5,201,21,21
Together,50272,No,99,13,66,43,8
Together,76618,No,749,40,294,121,160
Single,87305,No,345,25,501,63,138
Together,25851,No,9,4,18,7,5
Single,58710,Yes,440,81,368,0,122
Single,45160,Yes,8,2,5,3,0
Together,74806,Yes,670,9,249,0,28
Together,59111,No,524,0,134,28,28
Together,18988,No,6,0,6,2,1
Together,72190,No,597,166,597,172,166
Together,7500,No,7,0,12,13,7
Together,44794,Yes,54,0,7,0,0
Together,80395,No,445,25,706,80,76
Single,75012,No,294,142,218,164,58
Together,56962,Yes,292,3,77,10,3
Together,89891,No,412,22,132,59,28
Single,35946,Yes,8,0,3,0,0
Together,53593,Yes,349,4,78,6,0
Together,66373,Yes,328,9,124,12,24
Single,45072,Yes,144,2,99,7,2
Single,89694,Yes,1126,28,211,37,28
Together,72025,No,967,0,617,43,50
Together,67432,Yes,432,79,341,177,136
Together,70545,Yes,138,39,63,55,18
Together,17487,No,0,0,1,7,4
Together,62882,Yes,509,133,497,78,24
Single,64108,Yes,948,10,86,13,21
Together,34941,Yes,39,2,25,4,3
Single,48767,Yes,28,1,21,3,0
Together,38702,No,13,11,24,13,8
Together,82224,No,307,26,360,138,31
Together,83844,No,901,31,345,75,31
Together,17003,No,2,5,12,4,8
Single,71163,No,283,17,372,138,106
Single,33697,No,4,3,7,0,3
Together,63564,No,769,80,252,15,34
Together,83443,No,518,42,742,55,56
Together,51518,Yes,350,8,66,17,4
Single,58330,Yes,445,53,213,104,98
Together,80952,No,778,178,689,41,27
Together,75507,No,709,93,374,104,80
Together,63855,No,359,35,314,93,116
Together,62220,Yes,799,12,375,16,12
Together,58512,Yes,895,10,101,13,0
Together,40662,No,40,2,23,0,4
Together,38829,Yes,76,0,7,0,0
Together,35523,No,11,5,22,12,5
Single,79146,Yes,245,16,223,21,43
Together,78285,No,647,107,391,175,67
Single,31626,No,39,1,9,2,1
Single,75127,No,203,35,305,46,17
Together,48726,Yes,138,3,38,4,0
Together,74985,No,587,51,898,247,0
Together,67430,No,595,97,291,127,133
Together,46891,Yes,43,12,23,29,15
Together,62058,Yes,301,7,74,10,0
Together,72063,Yes,180,32,348,76,32
Together,78939,No,794,115,243,150,0
Single,42720,Yes,392,5,91,28,26
Together,33622,Yes,39,1,22,3,4
Together,6835,Yes,107,2,12,2,2
Together,41452,Yes,13,0,3,0,0
Single,40760,Yes,70,0,17,0,0
Together,74250,No,680,11,392,75,0
Single,51124,Yes,26,1,11,0,1
Single,72258,Yes,522,0,522,227,120
Single,71466,No,412,12,546,78,182
Together,36283,Yes,6,5,5,8,0
Single,20587,No,2,3,6,4,1
Together,30467,No,1,3,8,2,5
Together,31590,No,6,2,15,6,6
Together,20425,No,4,12,5,3,16
Together,17144,Yes,18,2,19,0,2
Single,42564,Yes,324,48,186,39,18
Together,43783,No,327,9,125,25,4
Single,40780,Yes,229,27,71,13,3
Together,62847,No,521,168,706,80,76
Together,82017,No,184,23,446,30,23
Single,16813,No,4,8,11,12,2
Together,51267,Yes,183,2,64,7,2
Single,46524,Yes,31,19,35,26,14
Single,45183,No,219,3,60,12,9
Together,70421,Yes,479,28,136,75,14
Single,60161,Yes,584,44,212,46,8
Together,73926,No,627,91,597,159,91
Together,19329,No,24,1,16,12,2
Together,61872,Yes,330,5,159,36,27
Single,46984,Yes,19,1,10,2,1
Together,34838,Yes,28,23,29,29,14
Single,82716,No,606,148,228,15,148
Together,48192,No,1039,43,204,153,58
Together,49681,Yes,411,0,26,0,0
Together,56850,Yes,34,1,19,2,7
Together,55267,Yes,161,28,136,32,3
Together,59666,Yes,623,53,178,23,17
Single,72504,Yes,604,26,470,123,161
Together,26872,No,3,10,8,3,16
Single,21359,No,12,2,17,6,1
Single,73170,No,184,174,256,50,30
Together,52750,Yes,393,0,239,90,69
Together,91820,No,410,73,747,76,161
Together,65968,Yes,376,9,83,19,4
Together,30772,Yes,7,2,4,2,1
Single,22507,No,68,0,226,51,157
Together,65685,Yes,642,14,49,0,7
Together,25804,No,8,7,9,13,6
Single,76412,No,840,53,804,23,71
Together,22063,No,7,10,13,3,11
Single,57091,No,464,5,64,7,0
Together,22419,No,30,3,47,19,21
Together,87771,Yes,1492,38,287,50,57
Single,78353,Yes,752,122,476,39,153
Together,93404,Yes,1279,15,287,20,0
Single,37859,Yes,22,1,8,2,1
Single,80995,Yes,860,28,409,73,56
Together,16529,No,3,0,5,13,0
Single,55412,Yes,10,5,28,11,1
Single,48789,No,351,16,156,7,5
Together,56575,Yes,421,5,90,0,16
Together,25130,No,2,5,7,0,18
Together,35441,Yes,25,1,9,2,1
Together,71391,Yes,336,123,274,46,123
Single,49494,No,191,9,97,0,6
Single,81702,No,563,50,774,28,31
Single,45889,Yes,31,0,6,0,1
Single,56628,Yes,479,5,82,7,17
Together,34026,Yes,18,6,15,12,8
Together,40049,Yes,91,65,52,10,44
Single,34176,No,5,7,24,19,14
Together,19419,No,2,14,28,16,3
Together,82504,No,362,50,431,134,35
Together,81205,No,724,74,929,97,55
Single,61618,No,605,91,399,0,45
Single,55284,Yes,547,7,140,0,7
Single,49980,Yes,104,1,54,13,9
Together,15072,No,8,2,15,0,10
Single,49166,Yes,224,2,25,7,0
Together,65324,Yes,384,0,102,21,32
Together,82347,No,556,54,845,202,133
Together,30843,Yes,24,0,2,0,0
Together,46374,Yes,408,0,21,0,0
Single,60474,Yes,265,199,303,234,9
Together,38576,Yes,34,0,7,0,0
Together,55357,No,374,64,116,84,25
Together,37758,Yes,27,2,10,0,0
Together,85710,No,600,20,350,29,30
Together,23228,No,13,2,18,6,1
Together,44602,Yes,167,2,89,0,0
Together,7500,No,0,2,3,4,1
Together,38683,No,46,35,69,84,41
Single,49514,No,88,39,78,58,13
Together,57906,Yes,243,11,119,10,3
Single,43456,Yes,275,11,68,25,7
Single,19485,No,6,0,4,0,0
Together,53172,Yes,121,62,90,68,20
Together,30545,No,4,12,15,19,7
Together,70123,No,1308,0,396,23,0
Single,62450,Yes,515,47,267,62,66
Together,21675,No,4,0,16,17,4
Single,42395,Yes,48,13,57,24,15
Together,61346,No,562,58,168,43,16
Together,80812,No,769,22,500,210,143
Single,42835,Yes,379,4,93,12,9
Together,39922,No,29,12,59,19,1
Single,86424,No,387,68,569,89,45
Together,17117,No,12,23,38,30,18
Single,24762,No,6,10,12,3,15
Together,35797,Yes,27,1,14,4,1
Single,36627,No,9,1,5,0,0
Together,51111,Yes,22,0,19,6,5
Single,86857,No,899,102,838,133,102
Together,82072,No,889,55,685,168,92
Single,46231,Yes,189,2,55,0,5
Together,42243,Yes,48,0,2,0,0
Together,51195,Yes,230,14,156,82,24
Single,68092,No,852,60,207,78,36
Together,31814,No,35,3,20,4,1
Single,51390,Yes,205,20,47,23,2
Together,76630,No,255,31,446,40,56
Single,26868,No,0,0,1,8,3
Single,48948,No,437,8,206,160,49
Single,55260,Yes,825,8,53,11,0
Together,64090,Yes,316,58,161,76,51
Single,78331,Yes,756,138,354,160,169
Together,37087,No,194,55,134,15,0
Single,21846,No,7,17,18,6,10
Together,81320,No,183,33,493,59,103
Single,54137,Yes,171,0,11,0,1
Together,66825,No,243,101,405,29,40
Together,57100,No,181,21,69,39,3
Together,58917,Yes,151,7,89,0,7
Single,85072,No,494,92,391,194,11
Single,86429,No,464,28,873,29,18
Single,45684,No,5,1,5,10,0
Together,47889,No,29,0,29,0,5
Together,45921,No,102,9,49,24,3
Single,78420,No,604,28,674,91,28
Together,75114,No,571,12,523,63,60
Single,52278,Yes,953,0,71,0,0
Together,35641,No,63,3,67,8,9
Single,95529,No,770,29,890,250,27
Together,62820,No,398,61,265,138,61
Together,73113,No,741,19,154,50,9
Together,84169,No,1478,19,403,0,19
Single,42607,Yes,156,29,56,30,32
Single,74637,No,960,64,464,146,0
Together,46015,Yes,38,0,2,0,0
Single,72354,No,315,26,473,220,12
Single,39858,No,15,20,25,2,7
Together,34469,Yes,19,6,20,0,5
Together,83033,No,812,99,431,237,149
Together,24401,No,73,28,217,10,24
Together,77583,No,372,23,384,250,12
Single,74116,No,871,111,704,145,55
Single,74293,No,375,152,335,93,91
Together,68397,Yes,760,80,466,17,13
Together,79632,No,471,0,510,99,21
Single,46107,No,31,9,27,16,9
Single,64950,Yes,819,0,72,12,0
Together,25443,No,1,4,3,8,9
Single,75127,No,203,35,305,46,17
Together,32892,No,26,0,15,2,1
Together,71796,No,354,21,311,167,75
Together,67536,Yes,1253,0,447,23,71
Single,55239,Yes,371,17,238,23,24
Single,60554,No,588,7,76,110,15
Single,64831,Yes,480,86,249,75,86
Together,56067,Yes,517,12,54,16,6
Single,82025,No,267,98,606,48,70
Together,94384,No,1111,24,790,160,45
Single,14906,No,7,7,14,7,16
Together,51563,No,1166,0,48,0,0
Together,57937,Yes,261,42,144,55,48
Single,68274,Yes,135,25,51,23,25
Together,39771,No,6,2,18,2,8
Single,67893,Yes,711,28,142,49,18
Together,27922,No,11,0,13,2,4
Together,52190,Yes,42,0,17,0,0
Single,44051,Yes,79,7,58,6,3
Single,42767,No,20,6,43,19,5
Together,46106,Yes,30,0,8,2,0
Together,16927,Yes,20,2,23,3,1
Together,59754,Yes,115,27,44,4,146
Single,53700,Yes,263,5,233,69,41
Together,59041,Yes,69,2,15,2,2
Single,54237,Yes,267,3,30,4,0
Single,70647,Yes,561,85,171,25,123
Single,52597,Yes,492,0,37,7,0
Together,41021,No,14,7,9,6,16
Together,40233,Yes,80,4,46,0,17
Together,50183,Yes,97,12,84,13,10
Together,54753,Yes,197,107,227,7,59
Together,92955,No,693,21,925,31,24
Together,33471,No,43,2,27,0,9
Together,34596,No,14,0,2,0,0
Together,44010,No,186,36,234,86,72
Together,84219,No,434,137,400,45,137
Together,40706,Yes,59,0,11,4,2
Together,15716,No,16,5,30,8,7
Single,59052,Yes,230,35,75,63,57
Together,80573,No,829,138,430,60,92
Together,83715,No,318,8,407,150,35
Together,82576,No,1206,55,445,168,18
Together,56962,Yes,292,3,77,10,3
Together,35704,Yes,30,9,12,2,11
Together,53103,Yes,729,17,133,11,0
Single,46779,Yes,12,1,3,0,0
Single,4861,No,2,1,1,1,0
Single,33462,No,22,3,18,0,0
Single,63693,Yes,587,43,337,42,87
Together,80763,No,674,168,108,192,42
Together,65352,Yes,284,3,84,4,7
Together,82170,No,1023,93,651,49,55
Together,75759,No,1394,22,708,89,91
Single,79689,No,311,26,640,180,37
Single,35340,Yes,27,0,12,0,1
Single,85683,No,1296,17,311,45,69
Together,24884,No,3,6,7,0,0
Together,42021,No,393,5,136,7,5
Single,64449,No,218,63,282,137,35
Single,64587,Yes,66,0,16,0,6
Single,34824,No,4,2,11,2,0
Together,75437,No,795,0,545,95,58
Together,26091,Yes,15,10,19,8,17
Together,52845,No,384,25,292,130,41
Single,46086,Yes,244,8,32,7,2
Single,78028,Yes,158,19,288,25,0
Single,95169,No,1285,21,449,106,20
Together,56337,Yes,349,16,144,28,5
Together,22434,No,4,12,11,3,13
Together,36930,Yes,223,2,31,0,2
Single,36130,Yes,157,43,127,68,56
Together,65569,Yes,397,46,288,20,38
Together,83844,No,901,31,345,75,31
Together,19514,Yes,14,3,21,2,1
Single,36736,Yes,10,0,3,0,0
Together,77568,Yes,1230,0,396,232,178
Together,49187,Yes,81,1,31,2,1
Single,30168,No,154,20,66,0,12
Together,34053,Yes,63,0,21,7,0
Together,38196,Yes,30,0,11,0,0
Together,59412,No,90,67,165,30,43
Together,70924,No,635,114,254,132,152
Together,54165,No,127,4,73,15,6
Together,32300,No,13,3,6,6,5
Single,20180,No,18,42,24,15,20
Together,34961,No,45,2,26,4,1
Together,28440,No,38,1,24,0,0
Together,64504,Yes,986,36,168,16,0
Together,33564,Yes,61,0,3,0,0
Together,17345,No,4,9,16,17,0
Together,56320,Yes,201,53,172,116,77
Single,28647,No,19,8,29,0,12
Single,15038,No,4,8,11,19,12
Single,32173,Yes,18,0,2,0,0
Together,68316,Yes,806,80,161,120,11
Together,74538,No,380,98,733,110,112
Single,91700,No,576,172,961,125,115
Together,68695,No,458,81,356,106,50
Together,31056,No,5,10,13,3,8
Together,79593,No,350,60,568,110,133
Single,28071,No,39,33,130,41,26
Together,37334,Yes,26,1,16,2,2
Single,46423,Yes,68,0,16,0,0
Together,37126,No,45,3,9,4,4
Together,47703,Yes,359,0,134,13,26
Together,61180,Yes,403,24,29,6,24
Together,38998,Yes,34,1,14,0,0
Single,8028,No,73,18,66,7,12
Together,76081,No,292,30,415,63,33
Together,34728,No,14,0,16,0,0
Single,33168,Yes,80,1,37,0,1
Together,33585,Yes,30,11,33,13,6
Together,77037,Yes,463,96,333,168,53
Together,35196,No,75,12,141,43,39
Together,44529,Yes,538,13,91,17,6
Together,70924,No,635,114,254,132,152
Together,28764,Yes,8,0,3,0,0
Together,69098,No,1315,22,780,145,0
Single,25959,Yes,4,2,12,7,5
Together,27100,No,12,0,13,2,0
Single,70596,No,347,44,534,17,0
Together,42557,Yes,192,5,53,0,5
Together,53312,No,241,0,12,0,0
Single,72228,No,631,28,491,30,14
Together,67605,No,336,28,282,184,54
Together,62845,Yes,1099,0,45,0,0
Together,65196,Yes,743,19,181,12,0
Single,42000,No,124,83,267,85,59
Single,35860,Yes,15,0,8,4,2
Together,65526,Yes,397,19,69,12,0
Together,16860,Yes,10,4,4,3,3
Single,83528,No,530,117,678,134,44
Single,64176,Yes,1215,33,249,64,116
Single,22304,No,3,2,7,0,4
Together,67023,No,444,44,382,11,8
Together,32892,No,26,0,15,2,1
Together,70713,Yes,736,114,279,82,76
Together,59925,Yes,473,21,176,19,21
Together,39722,Yes,32,0,5,2,0
Together,46610,No,288,10,30,4,10
Together,88347,No,1050,178,555,77,138
Together,87171,No,1001,44,107,58,44
Together,26907,Yes,9,1,7,0,3
Single,50014,No,234,14,77,19,10
Together,41014,No,7,2,6,2,0
Single,66294,No,251,108,334,65,92
Together,36715,No,172,10,125,21,13
Together,79456,No,565,42,548,64,83
Together,40479,No,5,0,8,2,0
Single,75345,No,918,57,842,99,38
Together,54233,Yes,652,8,158,21,0
Single,24163,Yes,4,1,7,2,1
Together,84460,No,152,27,103,106,54
Together,43776,No,8,0,9,2,1
Single,71691,No,336,130,411,240,32
Together,85844,No,938,19,843,25,95
Single,39190,No,68,8,18,19,8
Together,71367,No,227,23,389,42,21
Single,38578,Yes,38,4,22,3,3
Together,57236,Yes,105,0,9,2,1
Single,61825,Yes,162,50,100,55,30
Single,79803,Yes,574,8,216,21,16
Single,80910,No,160,80,369,67,39
Together,27590,No,6,0,5,0,0
Together,56775,Yes,614,35,160,58,35
Single,83829,No,897,161,430,186,161
Together,54210,Yes,70,54,109,80,9
Together,38508,No,120,19,206,25,19
Together,53187,No,211,2,30,7,7
Together,30023,No,11,0,16,7,6
Single,76045,No,760,53,400,17,93
Together,50870,Yes,53,0,8,0,0
Together,15315,No,7,4,13,15,8
Together,65463,No,391,32,70,21,32
Together,66480,Yes,199,9,57,20,21
Single,76773,No,516,56,449,86,33
Single,81698,No,709,45,115,30,160
Single,54466,Yes,12,0,4,0,0
Single,98777,No,1000,19,711,125,115
Single,16269,No,19,3,18,3,1
Together,71819,Yes,1224,28,140,0,14
Together,33569,No,16,2,18,3,0
Together,36262,No,88,39,54,64,28
Together,22634,No,2,23,11,8,6
Together,47025,Yes,508,11,59,23,5
Single,70566,Yes,381,28,215,84,28
Together,31605,No,74,0,42,2,1
Single,52034,Yes,146,0,93,7,13
Single,48526,No,23,17,23,43,20
Together,46734,Yes,110,5,137,26,23
Single,39552,Yes,165,3,147,4,24
Single,86358,Yes,957,47,494,82,47
Together,46931,Yes,41,0,17,3,1
Single,16581,No,1,3,4,2,3
Single,63998,No,176,29,818,0,33
Together,67381,Yes,815,8,53,11,0
Single,25930,Yes,6,1,2,2,0
Together,42693,No,8,4,20,6,3
Together,85606,Yes,717,42,864,219,30
Single,72903,No,1067,138,750,0,19
Together,49669,No,166,5,107,11,8
Together,36778,Yes,29,4,34,2,4
Single,85696,No,714,76,395,116,0
Single,10979,No,8,4,10,2,2
Together,49678,Yes,229,5,56,3,2
Together,56129,Yes,320,48,133,39,72
Together,37155,No,23,0,26,7,15
Single,21282,No,1,5,8,4,8
Single,33419,Yes,56,0,12,0,0
Single,63285,No,508,124,249,50,38
Together,21255,No,29,0,25,2,2
Together,42162,No,46,7,59,2,4
Together,54450,Yes,454,0,171,8,19
Together,57744,Yes,350,3,39,0,0
Single,26576,No,10,0,8,0,0
Single,57513,No,735,40,183,52,20
Together,68142,Yes,897,126,196,91,112
Together,7500,Yes,5,2,3,3,0
Together,83145,No,777,35,731,39,137
Together,54197,Yes,162,6,37,6,13
Single,23091,Yes,35,0,11,0,0
Together,46049,Yes,342,9,112,19,14
Together,56715,No,258,105,239,237,172
Together,79410,No,658,80,483,123,13
Together,57304,Yes,356,80,329,138,17
Together,44375,Yes,213,5,28,7,7
Together,54450,Yes,454,0,171,8,19
Together,59594,Yes,457,4,29,0,0
Together,80685,No,241,45,604,34,26
Together,40344,Yes,210,0,6,0,0
Together,62710,Yes,441,35,83,7,29
Together,48985,Yes,19,13,18,10,7
Together,35322,Yes,28,9,37,12,7
Together,77142,No,476,75,162,29,151
Single,81657,No,364,40,425,158,60
Together,14421,No,0,0,2,3,3
Together,20130,No,0,6,3,7,6
Together,74214,No,863,83,547,86,99
Together,66726,Yes,349,7,35,0,0
Together,23724,No,5,23,15,0,18
Together,47353,Yes,184,2,19,8,8
Together,33444,Yes,8,0,8,0,0
Together,54386,Yes,277,21,64,62,21
Single,28510,Yes,44,5,19,0,4
Single,90638,No,1156,120,915,94,144
Together,48070,Yes,373,14,83,6,9
Together,43140,Yes,134,8,76,6,0
Single,54959,Yes,1148,0,60,0,0
Single,15056,Yes,6,12,3,21,6
Single,26954,No,4,1,11,0,0
Single,22327,No,5,4,8,2,0
Together,44393,Yes,24,2,20,2,2
Single,62000,Yes,899,0,101,0,0
Together,31497,Yes,108,1,28,13,1
Together,45894,Yes,27,2,7,0,2
Single,78579,No,816,66,549,216,66
Single,67369,Yes,1298,0,70,37,14
Single,58401,Yes,10,0,11,17,29
Single,62307,Yes,87,13,34,10,6
Together,43641,Yes,57,2,51,4,2
Single,63841,Yes,635,15,100,20,7
Together,46891,Yes,43,12,23,29,15
Together,70091,No,964,34,137,15,0
Together,78075,No,572,8,259,34,35
Single,59184,Yes,341,142,113,259,151
Together,54809,Yes,63,6,57,13,13
Together,58113,Yes,221,104,169,102,78
Together,51412,Yes,140,3,29,4,5
Single,15287,No,1,2,8,4,3
Together,66636,No,291,10,689,84,10
Together,50965,Yes,544,13,85,8,6
Together,84618,No,684,100,801,21,66
Together,18351,No,1,12,9,0,14
Together,40451,Yes,35,0,4,0,0
Together,36317,Yes,87,3,25,3,2
Together,42213,Yes,309,3,24,4,3
Together,65748,Yes,172,73,93,95,78
Together,77044,Yes,625,38,242,50,34
Together,74918,No,972,59,913,25,19
Together,56721,Yes,157,6,39,6,13
Single,42160,Yes,48,9,45,3,15
Single,61559,Yes,279,83,88,32,14
Together,33629,Yes,132,0,16,0,0
Together,68682,No,919,0,505,99,30
Single,34377,Yes,62,0,22,3,1
Single,8940,No,1,45,3,4,6
Together,26228,No,2,6,4,3,1
Single,77297,No,408,61,109,48,122
Together,40211,Yes,51,1,7,2,1
Single,33438,Yes,62,1,16,3,2
Together,75032,Yes,952,12,180,47,12
Single,61284,No,618,15,106,20,7
Together,22518,No,11,7,12,2,2
Together,54730,Yes,318,3,17,4,7
Together,38452,Yes,56,0,14,0,0
Single,44421,Yes,110,5,59,7,1
Together,38197,No,23,0,11,2,1
Single,41986,Yes,27,5,8,8,3
Together,28427,No,18,3,19,3,3
Together,37395,No,18,0,9,0,1
Together,64722,No,303,0,280,60,147
Together,55249,Yes,97,1,19,2,0
Together,84906,No,997,15,414,99,30
Together,28691,No,5,4,13,8,0
Single,44213,Yes,95,11,35,0,4
Single,25707,No,1,6,2,3,6
Together,59062,Yes,46,1,12,3,0
Single,76624,Yes,411,106,147,54,115
Together,66000,No,244,51,270,101,0
Together,27683,No,152,9,121,12,12
Single,1730,No,1,1,3,1,1
Single,7500,No,10,17,18,8,26
Together,40521,Yes,12,0,5,0,0
Together,20427,No,5,0,4,0,0
Together,65106,Yes,790,19,133,12,0
Together,69969,No,882,29,514,38,29
Together,67433,Yes,615,28,259,12,48
Together,77766,Yes,1004,59,265,115,59
Together,74716,Yes,133,27,421,13,195
Single,68118,Yes,595,23,123,10,23
Together,55158,Yes,293,0,87,4,11
Together,62972,Yes,313,15,47,20,0
Together,74190,Yes,151,81,86,168,91
Together,39356,Yes,15,0,2,0,0
Together,76653,No,736,63,946,219,189
Single,35860,Yes,15,0,8,4,2
Single,90687,No,982,17,672,23,34
Together,73450,No,1142,51,415,90,69
Together,31454,Yes,28,0,11,0,0
Single,47139,Yes,46,0,12,0,2
Single,83829,No,897,161,430,186,161
Together,53378,Yes,489,6,152,8,6
Together,19656,No,25,4,9,6,8
Together,45579,Yes,145,1,33,2,1
Single,85485,No,630,26,611,44,18
Together,55956,No,760,38,104,50,9
Single,64191,Yes,420,15,186,151,38
Single,38808,No,125,17,52,3,19
Together,57183,Yes,464,5,64,7,0
Single,23748,No,6,6,29,12,15
Together,66303,Yes,1090,12,96,16,12
Together,37368,No,3,2,11,2,2
Together,40800,Yes,24,0,27,8,30
Single,71847,No,737,21,106,55,63
Together,46149,Yes,254,6,71,4,0
Together,78687,No,817,185,687,145,55
Single,49118,No,620,54,239,99,98
Together,37633,Yes,13,4,20,0,0
Together,39767,No,113,61,204,34,26
Together,26997,No,7,23,78,133,49
Single,33986,No,16,2,18,2,1
Together,57091,Yes,462,0,24,6,0
Together,46831,Yes,22,2,10,6,4
Together,83151,No,968,147,842,137,42
Together,52531,No,283,112,151,51,72
Together,15759,No,1,2,5,6,0
Single,22804,No,14,1,7,2,1
Together,43050,No,30,5,24,6,3
Single,42997,Yes,4,0,5,0,1
Single,48918,Yes,52,0,9,0,0
Together,60033,Yes,62,1,57,19,11
Together,34043,No,20,2,14,3,0
Together,57811,Yes,545,7,114,37,21
Together,78569,No,558,79,622,207,175
Single,7500,Yes,6,5,4,13,4
Together,157733,No,39,1,9,2,0
Together,94384,No,1111,24,790,160,45
Together,23148,No,4,6,8,6,3
Single,44267,Yes,183,5,65,3,5
Together,71626,No,546,72,376,94,145
Together,60894,Yes,606,7,155,10,0
Together,50200,Yes,266,6,51,8,6
Together,81051,No,1142,29,249,38,29
Together,65169,No,1074,0,69,0,0
Together,59868,Yes,771,51,154,54,10
Together,65695,Yes,371,32,189,0,58
Single,64857,No,556,14,717,210,0
Together,45143,Yes,202,5,74,11,5
Together,74805,Yes,209,162,209,41,162
Together,59060,No,35,40,111,36,40
Single,27238,Yes,37,0,17,0,0
Together,47009,Yes,171,45,73,59,10
Together,46094,Yes,12,2,20,3,2
Together,40321,Yes,44,4,21,6,0
Together,37235,No,20,2,9,4,6
Together,81843,No,779,86,537,34,69
Together,46692,Yes,170,6,97,24,12
Together,77382,Yes,491,48,231,112,105
Single,37774,No,173,8,107,7,2
Together,18393,No,7,10,13,16,0
Together,72828,Yes,1205,0,235,19,14
Together,24711,No,10,7,25,6,3
Together,45503,No,97,4,44,6,1
Single,6560,No,67,11,26,4,3
Together,71604,No,345,53,528,98,75
Together,27244,No,6,5,17,3,24
Together,48752,Yes,73,57,100,71,15
Together,71434,Yes,711,36,217,172,96
Single,90842,No,774,70,118,182,187
Together,88097,No,163,0,480,0,126
Together,51948,Yes,82,33,54,71,30
Together,71853,No,358,108,413,141,97
Together,35876,No,66,2,40,4,3
Single,40049,Yes,13,6,7,0,3
Single,39660,No,139,13,78,20,13
Together,50127,Yes,274,0,21,4,6
Together,43263,Yes,262,6,61,0,10
Together,62845,Yes,1099,0,45,0,0
Together,18929,No,32,0,8,23,4
Single,24367,No,2,4,2,0,11
Single,33249,No,6,10,21,19,14
Together,26887,Yes,6,7,4,3,4
Together,50150,No,135,46,92,65,61
Together,62061,Yes,641,7,84,0,30
Single,85696,No,714,76,395,116,0
Together,76542,No,794,73,573,0,29
Single,70515,No,420,0,452,182,64
Together,18227,No,1,2,7,4,3
Together,69139,Yes,86,12,75,33,15
Together,69109,No,823,25,459,124,29
Single,69627,Yes,231,161,215,171,30
Together,38136,No,8,15,27,0,20
Single,62159,No,182,17,259,77,70
Single,80695,No,557,129,984,193,37
Single,33316,Yes,79,1,31,4,4
Together,58554,Yes,368,24,68,38,0
Together,17256,No,6,4,14,8,8
Single,53034,Yes,160,15,196,15,11
Together,52203,No,488,21,238,56,108
Single,59601,Yes,691,7,69,0,7
Single,75154,Yes,543,10,205,160,143
Single,47025,Yes,254,7,108,20,0
Together,37971,No,5,4,10,2,2
Single,41335,No,112,19,21,16,14
Together,67267,Yes,134,11,59,15,2
Single,57338,Yes,143,6,52,11,8
Together,50523,Yes,51,4,24,4,7
Single,35791,Yes,27,0,5,0,0
Single,50611,Yes,459,0,24,6,0
Together,56242,Yes,689,8,167,11,8
Single,48904,Yes,283,10,38,0,13
Single,56243,Yes,347,0,35,4,3
Together,21355,No,5,13,14,0,5
Together,57420,Yes,280,0,18,0,0
Together,0,Yes,187,5,65,26,20
Single,46390,Yes,95,14,64,2,9
Together,54342,Yes,84,10,34,11,10
Together,0,Yes,19,4,12,2,2
Single,0,Yes,5,1,9,2,0
Together,20895,No,18,3,17,3,0
Together,92344,No,992,24,694,51,19
Together,0,No,25,1,13,0,0
Together,26907,Yes,9,1,7,0,3
Together,44964,Yes,19,1,17,2,0
Together,75507,No,709,93,374,104,80
Together,53761,Yes,158,0,76,13,7
Together,22682,No,10,14,29,4,2
Together,38887,No,25,1,13,0,0
Single,41658,Yes,8,4,12,15,4
Together,29791,No,14,0,6,0,0
Together,63915,Yes,622,7,115,30,0
Single,39996,Yes,11,0,3,0,0
Single,26759,No,25,3,16,8,5
Single,63841,Yes,635,15,100,20,7
Together,51039,Yes,100,64,79,65,0
Together,60544,Yes,201,2,43,3,5
Together,65685,Yes,642,14,49,0,7
Together,37716,Yes,97,1,41,6,2
Single,36864,Yes,204,5,39,17,0
Together,44511,No,513,7,133,46,14
Together,36947,Yes,88,3,21,4,1
Together,47352,Yes,172,12,112,8,0
Together,67087,Yes,329,35,222,130,35
Together,57045,Yes,296,13,104,11,13
Single,36957,Yes,100,2,16,2,1
Together,69389,Yes,422,7,238,69,46
Together,80134,No,1218,16,272,104,0
Together,43142,Yes,5,1,7,2,1
Together,80589,No,507,93,520,242,40
Single,34412,No,52,12,50,4,36
Single,57537,No,191,56,139,51,8
Together,22634,No,2,23,11,8,6
Together,51315,No,68,28,39,16,30
Together,36026,Yes,20,4,10,6,4
Together,24639,Yes,20,3,16,0,4
Together,34578,Yes,7,0,1,0,0
Single,65704,No,279,172,74,38,8
Single,63810,Yes,977,12,253,16,12
Together,54132,Yes,30,1,8,0,0
Together,18690,No,6,1,7,23,4
Together,28164,No,3,18,26,11,8
Together,34596,No,14,0,2,0,0
Together,43269,No,10,1,7,0,0
Single,38741,Yes,7,10,17,8,6
Single,31907,No,33,87,64,175,16
Together,27100,No,12,0,13,2,0
Single,31163,No,2,3,10,11,2
Together,92533,No,693,21,118,110,147
Single,34853,Yes,9,3,15,2,3
Single,70844,Yes,129,26,67,3,67
Together,31086,Yes,16,2,11,3,0
Together,60544,Yes,201,2,43,3,5
Together,20491,No,5,4,5,4,2
Together,42523,No,14,36,11,3,26
Together,39922,No,29,12,59,19,1
Together,33402,Yes,26,2,19,10,5
Together,36408,Yes,9,1,4,3,2
Together,21645,No,14,0,23,4,5
Single,78427,No,972,19,595,180,26
Together,82657,No,966,168,672,246,105
Together,51876,No,99,27,102,28,48
Together,78041,No,482,35,553,72,160
Together,52852,Yes,714,8,99,11,0
Together,70038,No,587,54,348,71,54
Together,69401,Yes,399,27,159,58,8
Together,46053,No,56,10,92,19,7
Together,77343,No,227,151,573,98,54
Single,73892,No,703,102,601,0,58
Single,40304,No,37,0,17,0,0
Together,32727,No,167,13,180,86,13
Together,68695,No,458,81,356,106,50
Single,43300,Yes,91,3,52,2,1
Together,26290,Yes,15,8,16,11,5
Single,93790,No,1302,68,731,89,114
Together,38410,No,153,64,123,116,64
Single,64866,Yes,508,5,21,7,5
Together,57957,Yes,290,59,177,77,5
Together,46015,Yes,38,0,2,0,0
Together,16531,No,2,13,6,7,5
Together,28072,No,30,0,10,2,0
Single,49476,Yes,386,23,95,54,41
Together,50725,Yes,443,10,75,0,10
Together,83844,No,901,31,345,75,31
Together,41145,Yes,9,0,3,0,0
Together,67419,Yes,846,84,352,91,56
Together,23162,Yes,8,3,9,19,4
Together,34380,No,72,7,58,13,1
Single,34704,Yes,29,0,5,0,1
Together,94871,Yes,169,24,553,188,0
Together,65148,Yes,460,35,422,33,12
Together,39898,Yes,69,8,26,12,7
Single,64857,No,556,14,717,210,0
Together,59892,Yes,73,0,13,0,1
Single,41020,No,112,1,54,7,7
Together,57072,Yes,944,0,60,0,0
Single,60474,Yes,265,199,303,234,9
Together,62807,Yes,526,28,135,10,21
Together,19414,No,2,3,12,3,5
Together,19107,No,2,4,9,10,5
Together,75484,Yes,378,97,259,197,194
Single,70379,Yes,553,25,142,65,67
Together,79419,No,751,127,687,20,15
Together,64014,Yes,406,0,30,0,0
Together,76998,Yes,1449,89,161,69,35
Together,49854,No,123,17,171,39,0
Together,60585,Yes,267,42,309,55,42
Single,42873,Yes,209,0,40,3,2
Together,87679,No,1259,172,815,97,148
Together,57867,No,344,35,178,15,23
Together,35765,No,22,3,30,0,5
Together,65492,No,247,161,295,210,85
Single,32952,No,38,0,12,3,1
Together,53374,Yes,896,10,101,13,10
Together,71706,Yes,931,56,253,91,98
Together,68487,No,758,12,385,33,89
Together,53253,Yes,216,9,57,20,9
Single,31163,No,2,3,10,11,2
Together,42014,No,244,15,108,4,15
Together,54108,Yes,539,6,91,8,6
Single,49667,No,1181,26,120,17,13
Together,63206,No,750,8,125,11,8
Together,57136,Yes,306,5,109,21,109
Together,46772,Yes,350,104,189,197,151
Together,78931,No,331,197,170,58,152
Together,53977,Yes,620,16,165,0,24
Together,84219,No,434,137,400,45,137
Single,46098,Yes,57,0,27,0,0
Together,73538,Yes,811,76,428,99,137
Together,79529,No,423,42,706,73,197
Together,20981,No,2,12,10,6,13
Single,51766,No,60,51,87,6,20
Together,55759,Yes,675,0,85,10,7
Together,33039,No,30,8,12,8,8
Together,37787,No,40,1,40,4,3
Single,27242,No,3,17,26,20,1
Single,87188,No,910,111,724,49,74
Together,69930,No,252,98,827,219,70
Single,37697,No,34,6,21,11,4
Together,37401,No,19,3,19,3,1
Single,3502,No,2,1,1,0,0
Together,58597,Yes,490,0,184,10,28
Single,82032,No,332,194,377,149,125
Together,28087,Yes,53,8,17,13,0
Single,74004,No,784,48,560,42,176
Together,19740,Yes,7,11,3,10,4
Together,57036,Yes,1171,43,219,19,14
Together,53083,Yes,215,7,33,3,0
Together,69283,Yes,674,62,134,0,26
Single,46098,Yes,57,0,27,0,0
Together,23331,No,5,36,7,0,10
Single,23331,No,104,20,101,24,15
Single,9255,No,9,0,7,2,0
Single,67786,No,431,82,441,80,20
Together,71969,Yes,1000,0,76,0,0
Single,59235,No,448,40,469,80,0
Together,31928,No,33,4,24,4,2
Together,74881,Yes,505,72,270,36,27
Together,65819,No,267,38,701,149,165
Single,51411,Yes,14,0,3,0,0
Single,51983,Yes,631,0,115,10,7
Together,42386,No,65,4,16,0,4
Together,30390,No,10,12,12,25,1
Single,30983,No,51,4,50,12,1
Single,66033,Yes,293,35,179,46,59
Together,37284,Yes,11,1,2,2,1
Single,57530,Yes,50,1,27,6,7
Together,76800,No,173,26,255,35,71
Together,63943,Yes,423,184,368,13,97
Together,76081,No,292,30,415,63,33
Together,67445,Yes,757,80,217,29,80
Together,37054,Yes,12,1,6,0,1
Together,47175,Yes,167,2,44,6,2
Single,31859,No,3,1,3,8,0
Single,27215,Yes,30,5,22,8,9
Single,70179,Yes,532,88,168,69,44
Together,39922,No,29,12,59,19,1
Together,49681,Yes,411,0,26,0,0
Together,24645,No,5,3,4,4,1
Single,79865,Yes,71,99,278,185,121
Together,44322,No,46,0,40,3,0
Single,47958,Yes,268,11,88,15,3
Single,63972,Yes,928,63,254,0,12
Together,75315,Yes,459,15,171,142,23
Together,55517,Yes,483,0,108,0,6
Together,75283,Yes,733,9,180,12,19
Single,82800,No,1006,22,115,59,68
Together,38998,Yes,34,1,14,0,0
Single,90638,No,1156,120,915,94,144
Together,27161,No,7,4,23,7,0
Together,42014,No,244,15,108,4,15
Together,38201,Yes,233,0,23,0,0
Together,45203,No,35,3,67,10,8
Together,81574,No,1252,0,465,46,35
Together,34935,No,34,4,66,3,10
Single,60482,Yes,255,43,134,37,14
Together,34633,Yes,8,1,5,0,0
Together,78093,No,368,32,639,13,43
Single,82460,No,255,47,573,52,32
Together,45903,Yes,33,8,10,2,10
Single,81361,No,163,23,424,27,65
Single,35860,Yes,15,0,8,4,2
Together,40442,Yes,45,12,52,25,22
Together,61482,No,48,58,68,16,66
Together,34968,No,158,6,45,8,2
Together,75794,No,754,160,625,63,32
Together,31497,Yes,108,1,28,13,1
Together,74268,No,199,66,315,97,174
Together,13724,No,2,7,5,2,15
Together,45143,Yes,202,5,74,11,5
Single,52569,Yes,85,0,3,0,0
Single,48432,Yes,322,3,50,4,3
Together,17144,Yes,18,2,19,0,2
Single,36108,No,141,8,129,3,11
Together,76445,No,739,107,309,140,80
Together,36663,No,18,0,6,3,3
Together,53843,Yes,378,0,88,19,4
Together,90226,No,1083,108,649,253,151
Single,70638,No,1016,12,215,16,12
Together,44512,Yes,23,1,6,0,0
Together,27116,Yes,12,1,21,2,2
Together,54072,Yes,35,0,4,0,0
Together,71855,Yes,548,31,422,0,112
Single,51250,No,342,32,230,34,32
Together,60432,Yes,365,3,15,4,3
Together,65526,Yes,397,19,69,12,0
Single,68655,No,456,19,832,75,118
Together,12393,No,5,6,15,11,7
Single,64509,No,836,185,575,24,25
Single,33955,No,100,2,128,23,7
Together,31353,Yes,10,0,10,3,1
Together,55434,No,238,115,215,169,69
Together,28359,No,6,0,5,2,1
Single,57100,No,158,11,99,15,11
Together,69139,Yes,86,12,75,33,15
Together,52973,Yes,856,0,76,12,9
Together,51717,Yes,98,1,17,0,1
Together,18793,No,4,16,20,0,17
Together,66664,No,398,96,447,220,96
Single,50664,Yes,313,8,104,6,4
Together,54414,Yes,109,18,16,24,26
Together,54549,Yes,216,2,6,0,0
Single,47111,Yes,595,71,153,120,112
Single,41003,No,123,133,142,71,44
Together,19444,No,16,0,23,3,2
Together,36301,No,11,12,35,3,5
Together,73059,Yes,410,112,420,0,82
Together,42731,No,159,2,51,6,2
Together,52854,Yes,105,0,10,0,1
Together,22775,No,5,1,8,0,0
Together,46681,Yes,269,15,69,15,19
Together,59821,Yes,629,0,70,0,0
Single,50002,Yes,443,5,71,21,16
Together,69755,No,217,77,373,111,23
Together,44078,Yes,24,1,10,2,0
Together,30560,No,9,1,5,4,5
Together,35924,Yes,8,0,14,2,3
Single,64140,Yes,1459,0,61,0,15
Together,56386,Yes,230,48,214,13,32
Together,24594,No,1,3,6,10,0
Together,75774,No,340,21,134,258,14
Single,39228,No,7,1,6,0,3
Together,58494,Yes,298,7,68,4,0
Single,58684,No,479,35,179,28,7
Single,57136,No,267,140,599,34,12
Single,56551,Yes,67,4,32,17,2
Together,22448,No,3,1,8,23,2
Single,82014,No,980,37,265,35,163
Single,34213,Yes,50,4,28,6,3
Together,157146,No,1,0,1725,2,1
Single,25358,Yes,19,0,5,0,0
Single,35544,No,30,5,23,4,1
Together,36634,Yes,213,9,76,4,3
Together,62670,Yes,539,30,92,80,46
Together,50334,Yes,284,16,160,84,16
Single,72066,No,1003,34,536,134,51
Single,50729,Yes,239,13,143,45,4
Together,34916,No,51,23,82,33,0
Single,64892,Yes,527,24,230,32,24
Single,43602,Yes,19,5,12,10,3
Single,33996,No,40,2,15,8,0
Single,41473,No,21,8,20,15,3
Together,63246,Yes,593,30,91,29,22
Together,36732,Yes,21,5,3,10,1
Together,69084,No,1181,107,199,39,30
Together,77766,Yes,1004,59,265,115,59
Single,37929,No,202,2,46,3,2
Together,86610,No,446,107,768,33,196
Together,80141,No,1184,102,673,52,40
Together,72635,No,390,22,323,104,35
Together,69016,Yes,726,53,363,123,107
Together,20193,No,8,8,22,24,11
Together,27573,No,50,15,110,39,15
Single,15862,No,1,1,4,11,9
Together,49544,No,308,0,73,0,0
Together,33228,No,22,2,31,7,4
Together,70440,No,690,117,499,76,102
Together,38232,Yes,43,5,28,7,6
Together,22554,Yes,27,0,10,0,0
Together,23536,No,6,0,3,0,0
Together,49413,Yes,205,7,41,3,2
Together,42231,Yes,24,0,8,0,1
Single,78789,No,667,50,850,21,83
Together,56534,Yes,691,7,61,10,0
Single,58350,Yes,493,26,206,116,80
Single,81217,No,493,70,324,146,40
Single,49090,Yes,494,5,82,7,0
Single,61787,No,621,73,414,78,48
Together,18169,No,9,0,5,0,0
Single,24336,No,1,6,2,8,2
Together,18222,No,12,4,19,12,6
Single,62335,Yes,243,131,217,85,6
Together,42033,Yes,11,1,4,2,0
Together,86580,No,532,21,127,26,20
Single,41437,Yes,29,0,2,0,0
Single,73705,Yes,612,91,520,258,107
Together,61064,Yes,387,126,342,0,45
Together,38452,Yes,56,0,14,0,0
Single,18358,No,6,8,19,16,4
Together,55012,Yes,582,0,65,0,0
Together,9722,No,6,17,16,6,16
Together,38175,No,70,6,69,2,3
Together,58656,Yes,962,12,194,16,24
Together,52117,Yes,112,10,107,30,0
Together,64813,No,293,0,124,179,97
Together,54222,Yes,199,12,31,3,12
Together,83512,No,1060,61,835,80,20
Together,77520,Yes,940,44,396,0,88
Together,41154,Yes,44,2,11,2,3
Together,80398,No,342,51,936,207,35
Single,18746,No,2,10,11,12,9
Together,35196,No,75,12,141,43,39
Single,60230,Yes,520,20,367,39,81
Together,22108,Yes,5,3,9,6,2
Together,44392,Yes,87,5,71,7,12
Together,55424,Yes,462,61,184,10,53
Together,17688,No,2,2,1,3,1
Together,92491,No,979,44,935,29,25
Single,90273,No,704,129,853,120,74
Single,82571,No,861,31,558,62,95
Single,38513,No,172,3,115,16,0
Single,16653,No,5,7,31,15,4
Together,42586,Yes,194,2,56,0,0
Single,23529,Yes,9,7,13,3,2
Together,74881,Yes,505,72,270,36,27
Together,71107,Yes,533,10,217,198,174
Together,46910,Yes,48,0,14,0,0
Together,18690,No,6,1,7,23,4
Single,37244,Yes,18,2,10,0,0
Together,82427,No,482,147,509,104,107
Single,75342,Yes,204,97,97,21,118
Single,70044,Yes,1073,0,250,153,14
Single,79146,Yes,245,16,223,21,43
Together,77437,No,560,21,442,29,44
Together,54984,Yes,173,13,131,32,3
Together,42403,No,22,1,11,0,5
Together,55761,Yes,136,1,12,0,3
Together,37292,No,275,0,86,10,23
Single,45576,No,56,19,29,2,14
Together,70321,No,303,23,751,82,26
Single,58086,Yes,708,7,62,0,0
Together,81795,No,324,132,693,27,118
Together,28389,No,1,5,3,7,4
Together,66835,No,620,26,195,34,17
Single,69901,Yes,312,21,206,102,92
Together,80360,No,1493,86,454,112,43
Together,63342,Yes,918,21,118,13,10
Together,44989,Yes,98,0,106,49,10
Single,31859,No,3,4,7,15,8
Single,51569,Yes,380,0,47,6,0
Single,30372,Yes,15,0,12,7,3
Single,16014,Yes,3,9,4,7,8
Together,41120,Yes,24,2,23,0,8
Single,39763,No,80,1,60,4,6
Together,38725,Yes,31,0,6,2,1
Together,77981,No,138,120,204,16,126
Together,62905,Yes,166,75,96,119,107
Single,13533,No,12,3,8,8,0
Together,59481,Yes,178,3,85,71,66
Together,72117,Yes,707,20,171,65,60
Together,21955,No,5,1,7,17,14
Together,67131,Yes,465,71,250,93,35
Single,36802,No,16,1,2,0,0
Together,71853,No,358,108,413,141,97
Together,28249,No,1,9,7,2,14
Together,47808,Yes,123,1,26,2,0
Single,25509,No,40,3,30,10,7
Together,51012,No,102,9,63,2,9
Single,70596,No,347,44,534,17,0
Together,85431,No,376,53,462,168,53
Together,42664,Yes,21,0,3,0,0
Together,42586,Yes,194,2,56,0,0
Single,29760,No,64,4,68,7,5
Together,28973,No,206,0,46,3,2
Together,39435,No,71,0,18,0,0
Together,65370,No,71,22,112,138,89
Single,20194,No,0,4,7,11,10
Single,42473,Yes,93,1,21,0,4
Together,64590,No,920,138,168,36,46
Together,71232,Yes,653,17,170,34,26
Together,34600,Yes,199,33,60,8,3
Single,46904,Yes,153,4,56,0,9
Together,49094,Yes,376,0,38,11,8
Together,36075,No,46,0,30,12,1
Together,60839,Yes,600,21,128,223,150
Together,77298,Yes,425,115,292,23,35
Together,34026,Yes,18,6,15,12,8
Single,48918,Yes,52,0,9,0,0
Together,82122,No,734,22,350,151,25
Single,37697,No,34,6,21,11,4
Together,34074,Yes,135,1,41,10,1
Together,28520,Yes,11,0,10,0,2
Single,62535,Yes,163,48,90,0,45
Single,36273,No,29,3,30,3,2
Together,63404,Yes,734,26,70,11,44
Together,75774,No,340,21,134,258,14
Together,78416,Yes,453,38,279,188,38
Together,75702,Yes,1073,0,629,145,37
Together,59385,Yes,135,0,10,0,4
Single,37070,Yes,231,7,137,4,15
Together,44689,Yes,18,0,5,0,0
Together,53977,Yes,620,16,165,0,24
Single,7144,Yes,81,4,33,5,2
Single,18701,Yes,12,4,2,10,6
Together,90369,No,292,51,981,224,23
Single,63159,No,965,34,586,89,86
Together,37758,Yes,27,2,10,0,0
Single,46757,Yes,777,30,163,0,51
Together,79734,No,572,8,232,23,62
Together,63207,No,438,169,565,91,169
Single,72071,Yes,531,69,300,150,138
Together,21840,No,17,0,9,0,0
Together,58582,Yes,402,35,106,101,77
Single,72282,No,503,27,419,90,139
Together,50387,Yes,369,9,87,12,14
Together,32583,Yes,5,0,3,0,0
Together,62568,Yes,362,17,398,80,35
Single,44635,Yes,56,0,9,0,0
Single,33316,Yes,79,1,31,4,4
Together,63967,Yes,387,84,141,73,35
Together,52513,No,367,17,241,104,188
Together,25293,No,15,0,11,0,2
Single,54111,Yes,267,6,54,8,3
Together,78394,No,298,27,697,216,24
Together,80739,No,674,92,736,39,0
Together,22669,No,16,14,36,37,22
Single,29236,No,37,4,24,16,9
Together,44911,Yes,159,0,22,2,1
Together,54693,Yes,686,17,142,23,26
Together,48186,No,97,3,66,12,7
Together,54809,Yes,63,6,57,13,13
Together,41580,Yes,56,5,24,4,0
Together,80336,No,209,19,456,160,142
Together,47743,Yes,198,2,43,0,12
Together,62972,Yes,313,15,47,20,0
Single,57333,Yes,941,14,397,76,58
Together,32313,No,86,4,56,2,4
Single,84953,No,167,48,602,63,72
Single,27071,No,8,3,19,0,2
Together,68148,No,389,66,408,37,57
Together,65735,Yes,239,7,119,4,15
Together,86836,No,179,21,273,0,21
Together,4023,Yes,5,0,1,1,1
Together,30093,No,2,6,28,13,4
Together,57705,Yes,383,0,53,6,4
Single,25008,No,2,8,8,6,1
Single,83257,No,536,27,590,38,107
Together,22280,No,2,1,4,3,1
Together,72159,No,322,53,899,34,40
Together,64260,No,539,169,816,20,0
Single,82733,No,712,50,420,65,38
Single,74290,Yes,1121,0,72,0,12
Single,58217,Yes,68,1,13,3,5
Together,21024,No,36,4,18,6,2
Together,70116,No,707,44,603,95,58
Together,54006,No,174,77,203,6,24
Together,69063,Yes,666,35,124,69,8
Single,11448,No,0,0,0,6,2
Single,61825,Yes,162,50,100,55,30
Together,70886,No,407,70,239,103,88
Together,69109,No,823,25,459,124,29
Single,60208,Yes,488,23,71,15,0
Together,32889,Yes,28,0,13,4,2
Single,34738,No,3,2,10,3,0
Together,30538,No,284,0,52,8,3
Together,82326,No,938,142,754,159,81
Single,26642,No,13,2,15,2,2
Single,69932,Yes,412,172,153,150,105
Single,44503,Yes,31,1,8,0,0
Single,60200,Yes,502,19,132,0,6
Single,49638,Yes,18,10,3,3,5
Single,23830,No,1,8,6,4,8
Single,33051,No,100,71,243,108,94
Together,72905,No,407,114,445,181,165
Together,69702,Yes,664,9,240,50,19
Single,70300,No,1045,61,338,60,46
Together,70643,No,1218,107,304,23,143
Together,30396,No,15,0,6,0,1
Single,50616,Yes,128,0,16,0,1
Single,62772,Yes,581,49,157,43,8
Single,30298,No,6,3,12,6,1
Single,52413,No,185,8,133,56,56
Together,44155,Yes,22,1,9,0,0
Single,86979,No,584,100,835,65,83
Together,76532,Yes,355,30,177,90,138
Together,42081,No,175,10,110,54,6
Together,67546,No,864,134,768,150,38
Together,88420,No,957,153,612,99,95
Together,31158,No,25,6,16,20,0
Single,61671,Yes,641,7,56,0,0
Single,69719,No,273,86,208,177,14
Single,49160,Yes,122,21,43,25,10
Together,24882,No,1,4,10,29,0
Single,90933,No,1020,31,430,62,63
Single,113734,No,6,2,3,1,262
Together,59292,Yes,378,14,68,19,14
Together,45759,Yes,42,1,18,3,0
Single,22148,No,15,5,14,0,4
Together,73395,No,272,7,80,20,7
Single,29819,No,9,1,24,2,1
Together,45688,Yes,279,0,18,0,0
Together,62820,No,398,61,265,138,61
Together,60491,Yes,637,47,237,12,19
Together,33235,No,45,0,16,2,1
Together,35701,No,21,1,9,7,3
Together,31535,No,15,4,13,0,0
Together,92556,No,493,183,352,184,23
Single,67384,Yes,957,40,175,158,53
Together,80573,No,829,138,430,60,92
Together,77870,Yes,1017,50,500,65,50
Single,52278,Yes,953,0,71,0,0
Single,57107,Yes,159,0,120,0,0
Together,18929,No,32,0,8,23,4
Single,36038,No,23,0,15,0,2
Single,20180,No,18,42,24,15,20
Together,34230,Yes,15,0,4,0,0
Single,31878,Yes,23,4,5,10,5
Together,70932,Yes,200,193,100,46,185
Single,91249,No,1324,27,119,71,108
Single,77598,No,1193,33,281,129,66
Single,80982,Yes,505,137,401,104,22
Together,22701,No,2,4,9,0,4
Together,55212,Yes,1103,0,45,0,0
Together,70617,No,353,61,753,40,46
Single,64849,No,652,48,350,94,84
Together,62694,Yes,379,6,157,25,91
Together,61917,Yes,46,4,36,2,2
Together,67472,Yes,162,31,127,8,17
Together,21059,No,8,3,19,3,3
Together,29543,No,17,3,18,3,4
Together,75903,Yes,340,108,185,130,38
Together,34984,Yes,8,4,15,3,5
Single,54998,Yes,154,22,202,39,30
Single,54356,Yes,710,15,30,20,0
Together,34242,Yes,8,2,4,0,0
Together,25410,No,2,2,4,13,13
Together,73356,No,1050,14,322,0,14
Together,28320,Yes,19,1,14,3,2
Single,23763,No,22,0,6,6,2
Together,72570,No,274,83,216,151,141
Together,34529,No,68,6,38,3,6
Single,70792,No,344,45,654,104,11
Together,63211,No,145,193,459,205,26
Together,83891,Yes,217,38,350,111,85
Single,36065,Yes,18,7,34,10,2
Together,39898,Yes,69,8,26,12,7
Single,51141,No,144,0,7,0,0
Together,56939,Yes,256,34,103,90,29
Single,80872,No,483,72,567,94,12
Together,72335,No,1285,105,653,28,21
Single,61798,No,338,4,89,11,8
Single,76842,No,605,10,345,84,54
Together,29478,No,8,0,7,3,1
Single,46998,Yes,172,41,86,45,6
Single,96843,No,448,71,951,40,17
Single,56551,Yes,67,4,32,17,2
Together,70053,Yes,512,53,98,81,179
Single,71670,No,1462,16,128,0,0
Together,44359,Yes,20,0,14,7,3
Single,40887,Yes,50,4,44,10,10
Single,48877,Yes,102,1,15,2,0
Together,74485,No,499,149,815,173,49
Together,64474,Yes,381,35,172,56,86
Together,77226,Yes,631,43,239,128,76
Single,72643,No,526,80,553,123,94
Together,85738,No,913,26,376,17,26
Single,55686,Yes,673,0,199,37,47
Single,39062,No,23,0,9,0,0
Together,34600,Yes,199,33,60,8,3
Together,40794,Yes,261,23,73,4,23
Together,54690,Yes,111,16,37,7,9
Together,4428,Yes,16,4,12,2,4
Together,32632,No,63,151,137,153,19
Single,38236,Yes,58,0,18,2,0
Together,36781,No,29,1,17,0,3
Single,31385,No,3,2,12,0,1
Together,24570,No,28,34,62,11,14
Single,25509,No,40,3,30,10,7
Together,94642,No,879,143,797,106,143
Together,58646,Yes,62,1,44,6,5
Single,53201,Yes,280,7,81,20,0
Together,21994,Yes,9,0,6,3,1
Together,57113,Yes,182,4,33,0,2
Together,51373,No,83,2,101,64,26
Together,23477,No,38,15,54,3,8
Together,58116,Yes,228,19,130,4,11
Single,72968,No,1092,37,592,145,37
Together,39791,Yes,85,15,27,13,13
Single,91712,No,1276,24,746,94,29
Single,94472,Yes,1017,33,417,108,100
Together,13672,Yes,6,2,9,2,1
Together,96547,No,448,21,125,52,101
Together,79205,No,504,23,117,179,28
Together,56559,Yes,226,22,133,41,31
Together,32644,No,239,3,141,0,7
Single,67506,Yes,90,38,67,33,36
Single,24206,No,7,2,8,3,2
Single,28420,No,4,2,5,2,0
Together,22979,No,16,17,19,20,21
Single,33279,No,10,3,3,0,0
Single,46423,Yes,68,0,16,0,0
Together,30368,Yes,35,0,13,2,0
Together,63684,Yes,575,80,428,208,93
Single,41638,Yes,315,0,31,4,0
Single,68805,Yes,182,2,49,17,13
Together,65814,Yes,561,14,113,10,14
Single,71964,No,587,51,932,180,34
Single,39146,No,94,1,33,13,12
Together,96876,No,908,43,735,40,194
Together,34445,No,228,122,122,208,129
Single,68281,No,995,112,417,42,48
Together,37284,Yes,11,1,2,2,1
Together,36790,No,3,3,14,15,21
Together,27943,Yes,12,1,16,4,1
Single,22263,Yes,17,0,2,0,0
Together,30261,Yes,8,0,5,0,3
Together,28587,No,22,4,17,12,10
Together,43815,No,14,10,29,4,7
Together,48195,Yes,106,27,68,52,7
Together,77027,Yes,820,57,242,45,0
Together,71322,Yes,753,43,226,69,10
Together,32765,No,13,3,17,7,3
Together,29672,Yes,9,1,3,0,4
Single,23272,No,19,3,6,4,2
Together,49912,Yes,520,8,223,32,49
Together,7500,No,5,17,17,13,14
Single,68117,Yes,618,44,215,0,17
Together,67225,Yes,315,35,322,46,7
Together,17649,No,15,1,23,0,5
Together,55914,Yes,384,60,364,119,101
Together,40059,No,110,29,92,28,10
Together,60905,Yes,208,17,76,36,17
Together,75330,Yes,555,82,257,93,61
Single,60689,Yes,240,90,216,63,6
Together,38680,No,11,0,36,15,5
Together,61416,No,848,154,323,201,61
Single,49767,No,202,47,197,55,42
Single,83273,Yes,433,89,650,16,102
Together,29009,No,6,6,15,10,5
Together,45057,No,37,0,7,3,0
Together,37150,No,167,37,64,49,34
Single,43020,No,45,7,99,4,25
Together,53154,Yes,129,0,21,0,1
Together,65308,No,713,0,264,120,80
Single,76467,No,676,161,426,210,44
Together,81044,No,450,26,535,73,98
Together,32871,Yes,22,2,12,0,2
Single,55801,Yes,367,4,51,6,4
Single,76320,Yes,526,35,214,69,53
Single,36927,Yes,51,0,16,0,0
Together,48794,Yes,25,0,11,3,0
Single,23478,No,28,6,27,12,17
Single,71128,No,958,159,447,20,0
Single,70179,Yes,532,88,168,69,44
Together,59462,Yes,724,17,143,0,8
Together,0,Yes,375,42,48,94,66
Together,38361,No,39,0,56,20,8
Single,0,No,23,0,15,0,2
Together,70038,No,587,54,348,71,54
Together,42554,Yes,29,1,11,0,0
Together,67445,Yes,757,80,217,29,80
Single,67046,Yes,544,35,133,23,151
Together,42192,No,40,15,15,17,6
Together,77610,Yes,1245,33,332,21,33
Together,31761,No,19,1,20,16,14
Together,34350,No,16,3,15,2,1
Together,54591,Yes,376,4,94,12,9
Together,71866,Yes,184,178,178,103,39
Together,25293,No,15,0,11,0,2
Single,42000,No,124,83,267,85,59
Together,69520,No,627,120,414,121,80
Single,64713,No,180,60,241,13,54
Together,27889,No,14,0,4,0,0
Single,22123,No,3,3,24,34,7
Together,0,Yes,71,1,16,0,0
Together,0,Yes,161,0,22,0,0
Together,27803,No,8,26,46,38,9
Single,0,Yes,264,0,21,12,6
Together,51651,Yes,293,6,23,13,6
Together,68487,No,758,12,385,33,89
Single,0,No,532,126,490,164,126
Together,56796,Yes,656,38,161,62,47
Together,87000,No,196,25,607,67,17
Together,79823,Yes,835,73,380,114,73
Single,30828,No,16,11,15,2,0
Together,34109,Yes,9,1,5,2,1
Single,53367,Yes,229,7,140,10,3
Together,22390,No,0,1,4,15,1
Together,71322,Yes,121,24,124,24,15
Absurd,79244,No,471,102,125,212,61
Together,49912,Yes,520,8,223,32,49
Together,48699,Yes,26,1,10,2,0
Together,80144,No,240,132,445,250,192
Single,54252,Yes,178,4,26,8,4
Together,81929,No,1486,55,278,49,0
Together,76068,Yes,1115,12,128,33,12
Together,53204,Yes,29,0,8,2,0
Together,67911,Yes,529,0,356,63,28
Together,14796,No,13,3,8,7,4
Together,78128,Yes,934,24,230,16,24
Together,14188,No,2,7,11,16,12
Together,20425,No,4,12,5,3,16
Together,58646,Yes,62,1,44,6,5
Single,72967,Yes,158,35,179,0,0
Together,48150,Yes,173,2,39,3,2
Single,82332,No,830,59,968,51,79
Single,58275,Yes,189,10,253,56,43
Together,44953,No,728,17,133,11,8
Together,34587,Yes,7,2,9,2,0
Together,43018,Yes,35,4,17,7,6
Together,45736,Yes,188,3,180,20,3
Together,66476,Yes,742,28,152,25,9
Together,27733,No,0,7,5,26,2
Together,69805,Yes,750,71,174,13,10
Single,72217,No,816,42,450,55,56
Single,25818,No,5,2,8,2,2
Together,37509,No,37,5,56,12,8
Together,25176,Yes,4,0,4,0,0
Together,43586,Yes,99,2,11,4,0
Together,53230,Yes,176,72,98,136,21
Together,50116,Yes,54,0,10,0,0
Together,84906,No,997,15,414,99,30
Together,61286,Yes,356,0,107,19,9
Together,82333,No,1311,0,359,46,89
Together,65220,No,890,63,292,0,25
Together,33590,Yes,4,0,2,0,0
Single,30992,No,17,0,14,7,3
Single,72309,No,960,0,883,50,38
Together,156924,No,2,1,2,1,1
Together,16005,No,1,3,2,20,30
Absurd,65487,No,240,67,500,199,0
Together,58692,Yes,301,11,61,4,7
Single,40590,Yes,154,0,50,6,11
Single,20587,No,2,3,6,4,1
Single,62637,Yes,104,12,48,4,12
Single,29435,Yes,70,3,37,4,2
Single,19346,No,2,0,9,3,6
Together,35788,Yes,23,2,11,3,1
Single,36997,Yes,43,4,12,8,0
Together,23539,No,4,24,11,16,1
Single,65333,Yes,654,7,92,0,15
Single,78499,No,912,72,170,47,36
Together,29732,No,25,0,8,0,1
Together,41275,Yes,24,4,22,0,2
Together,63516,Yes,141,11,114,15,14
Together,42769,Yes,71,0,13,3,1
Together,49572,Yes,35,1,16,0,1
Together,69209,No,496,32,849,229,48
Together,17148,No,9,9,11,13,10
Single,40590,Yes,154,0,50,6,11
Together,30560,No,9,1,5,4,5
Together,32146,No,26,3,23,4,7
Single,41713,Yes,77,8,44,10,10
Together,34176,Yes,11,2,7,4,2
Together,58482,Yes,576,7,115,19,7
Single,59686,Yes,89,15,89,34,42
Together,60896,Yes,1013,30,399,60,46
Together,62994,No,224,12,48,4,12
Together,47320,Yes,200,19,111,50,15
Single,74859,No,570,73,614,133,102
Single,15253,No,1,3,3,8,1
Single,31560,No,62,1,20,4,0
Single,72071,Yes,531,69,300,150,138
Single,91172,No,162,28,818,0,28
Together,90000,No,675,144,133,94,192
Single,41967,Yes,23,4,10,0,2
Single,69263,Yes,492,5,32,13,5
Single,65706,No,918,10,129,13,0
Together,60934,Yes,224,155,155,192,93
Together,71965,Yes,572,19,286,50,38
Together,65210,Yes,626,0,70,0,7
Together,79174,No,1074,37,518,193,92
Single,81380,No,741,68,689,224,68
Single,48432,Yes,322,3,50,4,3
Together,52914,Yes,254,10,44,30,10
Together,38946,Yes,116,6,82,6,6
Together,26067,No,22,2,18,0,2
Together,44325,Yes,516,0,21,0,0
Together,42523,No,14,36,11,3,26
Single,26487,No,2,8,10,12,14
Together,53233,Yes,28,0,9,3,0
Together,67716,Yes,530,142,217,62,9
Together,76234,Yes,519,50,167,130,0
Together,84117,No,611,76,749,59,45
Together,65487,No,240,67,500,199,0
Together,25224,No,4,9,12,11,2
Single,89616,No,671,47,655,145,111
Single,40851,Yes,23,1,7,0,4
Together,27469,No,9,1,2,3,2
Together,82347,No,556,54,845,202,133
Together,73803,Yes,833,80,363,52,26
Single,8820,Yes,12,0,13,4,2
Single,43322,No,56,7,48,10,2
Together,55593,Yes,293,8,124,11,4
Together,50501,Yes,297,0,38,13,0
Together,37085,Yes,39,1,16,2,0
Single,16185,No,5,11,16,21,8
Single,57731,Yes,266,21,300,65,8
Single,48432,Yes,322,3,50,4,3
Together,73807,Yes,366,124,156,71,78
Together,18929,No,32,0,8,23,4
Single,35893,Yes,158,0,23,0,0
Together,61014,Yes,269,129,495,182,43
Together,32144,Yes,41,0,10,0,0
Together,14918,Yes,3,3,3,15,4
Single,45146,Yes,33,0,5,0,0
Single,41769,Yes,302,29,131,32,0
Together,88325,No,519,71,860,93,27
Single,38054,Yes,23,2,17,2,1
Single,80617,No,594,51,631,72,55
Together,5305,Yes,12,4,7,1,3
Together,36807,Yes,4,2,5,0,0
Together,28427,No,18,3,19,3,3
Single,82032,No,332,194,377,149,125
Together,22775,No,5,1,8,0,0
Together,40101,No,171,3,129,26,24
Together,58025,Yes,270,31,88,11,48
Single,75777,No,712,26,538,69,13
Together,7500,No,2,8,11,3,8
Together,33562,Yes,21,12,12,0,3
Single,57642,Yes,580,6,58,8,0
Together,58554,Yes,368,24,68,38,0
Together,63777,Yes,457,5,106,15,17
Single,57967,Yes,229,7,137,4,0
Together,0,No,32,2,1607,12,4
Together,24434,No,3,2,8,20,0
Single,11012,No,24,3,26,7,1
Single,44802,No,853,10,143,13,10
Single,26816,No,5,1,6,3,4
Together,666666,No,9,14,18,8,1
Together,34421,No,3,3,7,6,2
Together,61223,Yes,709,43,182,42,118
Together,64014,Yes,406,0,30,0,0
Single,56981,No,908,48,217,32,12
Together,69245,Yes,428,30,214,80,30
Together,52869,Yes,84,3,61,2,1
